<?xml version="1.0" encoding="UTF-8" standalone="yes"?>
<processModelFolderHaul xmlns:a="http://www.appian.com/ae/types/2009">
    <versionUuid>c0c1b3ae-61fe-44a9-bf83-1295f6e88d2e</versionUuid>
    <processModelFolder>
        <name>NSM Process Models</name>
        <uuid>7ca7afb2-049f-4c84-91c4-26ad05c39173</uuid>
        <description>Stores process models for the application</description>
    </processModelFolder>
    <roleMap>
        <role name="ADMIN_OWNER">
            <users/>
            <groups>
                <groupUuid>4a801333-73ef-4c23-88f7-d4ef86b4362d</groupUuid>
            </groups>
        </role>
        <role name="EDITOR">
            <users/>
            <groups/>
        </role>
        <role name="EXPLICIT_NONMEMBER">
            <users/>
            <groups/>
        </role>
        <role name="VIEWER">
            <users/>
            <groups>
                <groupUuid>7da45a61-fcbf-43b5-8db4-4a5c0739b8f9</groupUuid>
            </groups>
        </role>
        <role name="MANAGER">
            <users/>
            <groups/>
        </role>
        <role name="INITIATOR">
            <users/>
            <groups/>
        </role>
    </roleMap>
    <history>
        <historyInfo versionUuid="c0c1b3ae-61fe-44a9-bf83-1295f6e88d2e"/>
    </history>
</processModelFolderHaul>
