<?xml version="1.0" encoding="UTF-8" standalone="yes"?>
<groupHaul xmlns:a="http://www.appian.com/ae/types/2009">
    <versionUuid>7da45a61-fcbf-43b5-8db4-4a5c0739b8f9</versionUuid>
    <group>
        <name>NSM Users</name>
        <securityMap>SECURITYMAP_TEAM</securityMap>
        <uuid>7da45a61-fcbf-43b5-8db4-4a5c0739b8f9</uuid>
        <groupTypeUuid>SYSTEM_GROUP_TYPE_CUSTOM</groupTypeUuid>
        <description>Assigns Viewer permissions to users for objects in the application</description>
        <delegatedCreation>false</delegatedCreation>
        <memberPolicy>MEMBERPOLICY_CLOSED</memberPolicy>
        <viewingPolicy>VIEWINGPOLICY_LOW</viewingPolicy>
        <attributes/>
    </group>
    <members>
        <users/>
        <groups>
            <groupUuid>4a801333-73ef-4c23-88f7-d4ef86b4362d</groupUuid>
        </groups>
    </members>
    <admins>
        <users/>
        <groups>
            <groupUuid>4a801333-73ef-4c23-88f7-d4ef86b4362d</groupUuid>
        </groups>
    </admins>
    <ruleSet/>
    <history>
        <historyInfo versionUuid="7da45a61-fcbf-43b5-8db4-4a5c0739b8f9"/>
    </history>
</groupHaul>
