<?xml version="1.0" encoding="UTF-8"?>
<recordTypeHaul xmlns:a="http://www.appian.com/ae/types/2009" xmlns:xsi="http://www.w3.org/2001/XMLSchema-instance">
  <versionUuid>7401067f-52e1-4efe-9d37-d11dabfa2df6</versionUuid>
  <recordType a:uuid="045d6ea6-697a-4e70-89a4-db22446cb456" name="NSM Script Details Event Type">
    <a:pluralName>NSM Script Details Event Types</a:pluralName>
    <a:description>Contains the types of business events for Script Details</a:description>
    <a:urlStub>F1GOGA</a:urlStub>
    <a:source xsi:type="a:RecordsReplica"/>
    <a:listViewTemplateExpr>#"SYSTEM_SYSRULES_recordGridField"(
    columns: {
        #"SYSTEM_SYSRULES_gridColumn"(
          label: "Id",
          sortField: #"urn:appian:record-field:v1:045d6ea6-697a-4e70-89a4-db22446cb456/9f23b01b-be50-4c6c-b0c1-f05226fc574b",
          value: fv!row[#"urn:appian:record-field:v1:045d6ea6-697a-4e70-89a4-db22446cb456/9f23b01b-be50-4c6c-b0c1-f05226fc574b"],
          align: "END"
        ),
        #"SYSTEM_SYSRULES_gridColumn"(
          label: "Event Name",
          sortField: #"urn:appian:record-field:v1:045d6ea6-697a-4e70-89a4-db22446cb456/ffe4c95e-27de-4bf7-ae84-86740169f209",
          value: #"SYSTEM_SYSRULES_linkField"(
            links: {
              #"SYSTEM_SYSRULES_recordLink"(
                label: fv!row[#"urn:appian:record-field:v1:045d6ea6-697a-4e70-89a4-db22446cb456/ffe4c95e-27de-4bf7-ae84-86740169f209"],
                recordType: #"urn:appian:record-type:v1:045d6ea6-697a-4e70-89a4-db22446cb456",
                identifier: fv!identifier
              )
            }
          )
        )
      },
      pageSize: 50,
      shadeAlternateRows: true
    )</a:listViewTemplateExpr>
    <a:detailViewCfg>
      <a:nameExpr>#"SYSTEM_SYSRULES_rtd_getDefaultSummaryViewName"()</a:nameExpr>
      <a:uiExpr/>
      <a:visibilityExpr>=true()</a:visibilityExpr>
      <a:urlStub>summary</a:urlStub>
      <a:headerExpr/>
      <a:recordActionLaunchType>DIALOG</a:recordActionLaunchType>
      <a:recordUiSecurityType>EXPRESSION</a:recordUiSecurityType>
    </a:detailViewCfg>
    <a:isSystem>false</a:isSystem>
    <a:dataSrcExpr/>
    <a:facetsListExpr/>
    <a:titleExpr>rv!record[#"urn:appian:record-field:v1:045d6ea6-697a-4e70-89a4-db22446cb456/ffe4c95e-27de-4bf7-ae84-86740169f209"]</a:titleExpr>
    <a:defaultFiltersExpr/>
    <a:layoutType>GRID</a:layoutType>
    <a:security>16383</a:security>
    <a:hideLatestNews>false</a:hideLatestNews>
    <a:hideNewsView>false</a:hideNewsView>
    <a:hideRelatedActionsView>false</a:hideRelatedActionsView>
    <a:isExportable>true</a:isExportable>
    <a:listViewSrcExpr/>
    <a:recordViewSrcExpr/>
    <a:recordTypeSearchCfg>
      <searchFieldsSrc>DEFAULT</searchFieldsSrc>
      <placeholderSrc>DEFAULT</placeholderSrc>
      <placeholder/>
    </a:recordTypeSearchCfg>
    <a:iconId/>
    <a:listAutoRefreshInterval>0.0</a:listAutoRefreshInterval>
    <a:sourceConfiguration>
      <sourceUuid>NSM_SCRIPT_DETAILS_EVENT_TYPE@jdbc/appianbusiness</sourceUuid>
      <sourceType>RDBMS_TABLE</sourceType>
      <sourceSubType>NONE</sourceSubType>
      <friendlyName>NSM_SCRIPT_DETAILS_EVENT_TYPE</friendlyName>
      <sourceFilterExpr/>
      <field>
        <uuid>9f23b01b-be50-4c6c-b0c1-f05226fc574b</uuid>
        <type>{http://www.appian.com/ae/types/2009}Integer</type>
        <sourceFieldName>ID</sourceFieldName>
        <sourceFieldType>INTEGER</sourceFieldType>
        <fieldName>id</fieldName>
        <isRecordId>true</isRecordId>
        <isUnique>true</isUnique>
        <isCustomField>false</isCustomField>
        <customFieldExpr/>
        <customFieldDefaultValueStr>null</customFieldDefaultValueStr>
        <fieldCalculationType>NA</fieldCalculationType>
        <fieldTemplateType>NA</fieldTemplateType>
        <isRollingSyncSortField>true</isRollingSyncSortField>
      </field>
      <field>
        <uuid>ffe4c95e-27de-4bf7-ae84-86740169f209</uuid>
        <type>{http://www.appian.com/ae/types/2009}Text</type>
        <sourceFieldName>EVENT_NAME</sourceFieldName>
        <sourceFieldType>VARCHAR(255)</sourceFieldType>
        <fieldName>eventName</fieldName>
        <isRecordId>false</isRecordId>
        <isUnique>false</isUnique>
        <isCustomField>false</isCustomField>
        <customFieldExpr/>
        <customFieldDefaultValueStr>null</customFieldDefaultValueStr>
        <fieldCalculationType>NA</fieldCalculationType>
        <fieldTemplateType>NA</fieldTemplateType>
        <isRollingSyncSortField>false</isRollingSyncSortField>
      </field>
      <uuid>435a51db-5dd4-4a34-bdd2-da4f66c62a3e</uuid>
      <refreshSchedule>
        <frequency>DAILY</frequency>
        <value>{"hour":3,"minute":"00","amPM":"AM","timeZone":"Asia/Kolkata"}</value>
        <activated>true</activated>
      </refreshSchedule>
      <skipFailureEnabled>true</skipFailureEnabled>
      <recordIdGeneratorUuid/>
    </a:sourceConfiguration>
    <a:enabledFeatures>255</a:enabledFeatures>
    <a:isVisibleInRecordTypeList>false</a:isVisibleInRecordTypeList>
    <a:recordActionLaunchType>DIALOG</a:recordActionLaunchType>
    <a:showSearchBox>true</a:showSearchBox>
    <a:isVisibleInDataFabric>false</a:isVisibleInDataFabric>
    <a:usesRollingSyncLimit>true</a:usesRollingSyncLimit>
  </recordType>
  <roleMap>
    <role name="record_type_administrator">
      <users/>
      <groups>
        <groupUuid>4a801333-73ef-4c23-88f7-d4ef86b4362d</groupUuid>
      </groups>
    </role>
    <role name="record_type_viewer">
      <users/>
      <groups>
        <groupUuid>7da45a61-fcbf-43b5-8db4-4a5c0739b8f9</groupUuid>
      </groups>
    </role>
  </roleMap>
  <history>
    <historyInfo versionUuid="045d6ea6-697a-4e70-89a4-db22446cb456"/>
    <historyInfo versionUuid="7401067f-52e1-4efe-9d37-d11dabfa2df6"/>
  </history>
  <migrationVersion>1</migrationVersion>
</recordTypeHaul>
