<?xml version="1.0" encoding="UTF-8"?>
<recordTypeHaul xmlns:a="http://www.appian.com/ae/types/2009" xmlns:xsi="http://www.w3.org/2001/XMLSchema-instance">
  <versionUuid>6d7c8c8b-8a83-4fea-ac1e-f890358b95bb</versionUuid>
  <recordType a:uuid="3df44867-65a7-4046-9dd8-9fdf2bfb827c" name="NSM Conf Application Users">
    <a:pluralName>Application Users</a:pluralName>
    <a:description>Record to manage Application Users</a:description>
    <a:urlStub>RPNxFg</a:urlStub>
    <a:source xsi:type="a:RecordsReplica"/>
    <a:listViewTemplateExpr>#"SYSTEM_SYSRULES_recordGridField"(
  columns: {
    #"SYSTEM_SYSRULES_gridColumn"(
      label: "Id",
      sortField: 'recordType!{3df44867-65a7-4046-9dd8-9fdf2bfb827c}NSM Conf Application Users.fields.{1b4bf3f9-af4c-4ba5-b9cb-fb741138616f}id',
      value: fv!row['recordType!{3df44867-65a7-4046-9dd8-9fdf2bfb827c}NSM Conf Application Users.fields.{1b4bf3f9-af4c-4ba5-b9cb-fb741138616f}id'],
      align: "END"
    ),
    #"SYSTEM_SYSRULES_gridColumn"(
      label: "Username User",
      sortField: 'recordType!{3df44867-65a7-4046-9dd8-9fdf2bfb827c}.relationships.{81f3fd6f-3a3c-451b-afcd-c354401a3b6f}.fields.{SYSTEM_RECORD_TYPE_USER_FIELD_username}',
      value: #"SYSTEM_SYSRULES_linkField"(
        links: {
          #"SYSTEM_SYSRULES_recordLink"(
            label: fv!row['recordType!{3df44867-65a7-4046-9dd8-9fdf2bfb827c}.relationships.{81f3fd6f-3a3c-451b-afcd-c354401a3b6f}.fields.{SYSTEM_RECORD_TYPE_USER_FIELD_username}'],
            recordType: #"urn:appian:record-type:v1:3df44867-65a7-4046-9dd8-9fdf2bfb827c",
            identifier: fv!identifier
          )
        }
      )
    ),
    #"SYSTEM_SYSRULES_gridColumn"(
      label: "Is Active",
      sortField: 'recordType!{3df44867-65a7-4046-9dd8-9fdf2bfb827c}NSM Conf Application Users.fields.{b2b83af9-800c-46fd-85e9-7e2e45d0ced2}isActive',
      value: fv!row['recordType!{3df44867-65a7-4046-9dd8-9fdf2bfb827c}NSM Conf Application Users.fields.{b2b83af9-800c-46fd-85e9-7e2e45d0ced2}isActive']
    ),
    #"SYSTEM_SYSRULES_gridColumn"(
      label: "Application Lookup",
      sortField: 'recordType!{3df44867-65a7-4046-9dd8-9fdf2bfb827c}.relationships.{f7ed18b6-7aec-4331-8083-5a22549fd6a5}.fields.{997fe243-d83a-477a-be95-3b7e4747b1e8}',
      value: fv!row['recordType!{3df44867-65a7-4046-9dd8-9fdf2bfb827c}.relationships.{f7ed18b6-7aec-4331-8083-5a22549fd6a5}.fields.{997fe243-d83a-477a-be95-3b7e4747b1e8}'],
      align: "END"
    )
  },
  pageSize: 50,
  shadeAlternateRows: true
)</a:listViewTemplateExpr>
    <a:fieldCfg a:uuid="3f3d33a8-2288-4663-b8b5-17aa1b14d51d" name="NSM Application Lookup">
      <a:description/>
      <a:sourceRef>f7ed18b6-7aec-4331-8083-5a22549fd6a5/c0853c09-c935-48ba-ad37-2e8a188da7f6</a:sourceRef>
      <a:isSortable>false</a:isSortable>
      <a:isSearchable>false</a:isSearchable>
      <a:isFacet>true</a:isFacet>
      <a:facetType>CUSTOM_BUCKETS_CLOSED</a:facetType>
      <a:isExclusiveFacet>true</a:isExclusiveFacet>
      <a:facetLabelExpr>"Application Lookup"</a:facetLabelExpr>
      <a:sortOrderIndex>0</a:sortOrderIndex>
      <a:facetOrderIndex>0</a:facetOrderIndex>
      <a:visibilityExpr/>
      <a:defaultOptionExpr/>
      <a:allowMultipleSelections>true</a:allowMultipleSelections>
      <a:relatedRecordFieldUuid>f7ed18b6-7aec-4331-8083-5a22549fd6a5/c0853c09-c935-48ba-ad37-2e8a188da7f6</a:relatedRecordFieldUuid>
      <a:relatedRecordUserFilterSort>UNSORTED</a:relatedRecordUserFilterSort>
    </a:fieldCfg>
    <a:detailViewCfg>
      <a:nameExpr>#"SYSTEM_SYSRULES_rtd_getDefaultSummaryViewName"()</a:nameExpr>
      <a:uiExpr/>
      <a:visibilityExpr>=true()</a:visibilityExpr>
      <a:urlStub>summary</a:urlStub>
      <a:headerExpr/>
      <a:recordActionLaunchType>DIALOG</a:recordActionLaunchType>
      <a:recordUiSecurityType>EXPRESSION</a:recordUiSecurityType>
    </a:detailViewCfg>
    <a:isSystem>false</a:isSystem>
    <a:dataSrcExpr/>
    <a:facetsListExpr/>
    <a:titleExpr>rv!record[#"urn:appian:record-field:v1:3df44867-65a7-4046-9dd8-9fdf2bfb827c/1b4bf3f9-af4c-4ba5-b9cb-fb741138616f"]</a:titleExpr>
    <a:defaultFiltersExpr/>
    <a:layoutType>GRID</a:layoutType>
    <a:security>16383</a:security>
    <a:hideLatestNews>false</a:hideLatestNews>
    <a:hideNewsView>false</a:hideNewsView>
    <a:hideRelatedActionsView>false</a:hideRelatedActionsView>
    <a:isExportable>true</a:isExportable>
    <a:listViewSrcExpr/>
    <a:recordViewSrcExpr/>
    <a:recordRelationshipCfg>
      <uuid>81f3fd6f-3a3c-451b-afcd-c354401a3b6f</uuid>
      <relationshipName>usernameUser</relationshipName>
      <targetRecordTypeUuid>SYSTEM_RECORD_TYPE_USER</targetRecordTypeUuid>
      <relationshipType>MANY_TO_ONE</relationshipType>
      <relationshipData>{"sourceRecordTypeFieldUuid":"4c14417b-4538-4339-9bc5-132c1d2686dc","targetRecordTypeFieldUuid":"SYSTEM_RECORD_TYPE_USER_FIELD_username","relationshipOperator":"1","joinTableSourceField":"","joinTableTargetField":""}</relationshipData>
      <updateBehavior>NON_CASCADING</updateBehavior>
    </a:recordRelationshipCfg>
    <a:recordRelationshipCfg>
      <uuid>f7ed18b6-7aec-4331-8083-5a22549fd6a5</uuid>
      <relationshipName>applicationLookup</relationshipName>
      <targetRecordTypeUuid>dc989bd8-cdfa-4ab9-8df8-b0eddb56a0d0</targetRecordTypeUuid>
      <relationshipType>MANY_TO_ONE</relationshipType>
      <relationshipData>{"sourceRecordTypeFieldUuid":"4bf3410f-5286-4104-9393-1f323159f750","targetRecordTypeFieldUuid":"997fe243-d83a-477a-be95-3b7e4747b1e8","relationshipOperator":"1","joinTableSourceField":"","joinTableTargetField":""}</relationshipData>
      <updateBehavior>NON_CASCADING</updateBehavior>
    </a:recordRelationshipCfg>
    <a:recordTypeSearchCfg>
      <searchFieldsSrc>DEFAULT</searchFieldsSrc>
      <placeholderSrc>DEFAULT</placeholderSrc>
      <placeholder/>
    </a:recordTypeSearchCfg>
    <a:iconId/>
    <a:listAutoRefreshInterval>0.0</a:listAutoRefreshInterval>
    <a:sourceConfiguration>
      <sourceUuid>NSM_CONF_APPLICATION_USERS@jdbc/appianbusiness</sourceUuid>
      <sourceType>RDBMS_TABLE</sourceType>
      <sourceSubType>NONE</sourceSubType>
      <friendlyName>NSM_CONF_APPLICATION_USERS</friendlyName>
      <sourceFilterExpr>#"SYSTEM_SYSRULES_queryLogicalExpression"(
  operator: "AND",
  filters: {
    #"SYSTEM_SYSRULES_queryFilter"(
      field: "IS_ACTIVE",
      operator: "=",
      value: true
    )
  },
  ignoreFiltersWithEmptyValues: true
)</sourceFilterExpr>
      <field>
        <uuid>1b4bf3f9-af4c-4ba5-b9cb-fb741138616f</uuid>
        <type>{http://www.appian.com/ae/types/2009}Integer</type>
        <sourceFieldName>ID</sourceFieldName>
        <sourceFieldType>INTEGER</sourceFieldType>
        <fieldName>id</fieldName>
        <isRecordId>true</isRecordId>
        <isUnique>true</isUnique>
        <isCustomField>false</isCustomField>
        <customFieldExpr/>
        <customFieldDefaultValueStr>null</customFieldDefaultValueStr>
        <fieldCalculationType>NA</fieldCalculationType>
        <fieldTemplateType>NA</fieldTemplateType>
        <isRollingSyncSortField>true</isRollingSyncSortField>
      </field>
      <field>
        <uuid>4c14417b-4538-4339-9bc5-132c1d2686dc</uuid>
        <type>{http://www.appian.com/ae/types/2009}User</type>
        <sourceFieldName>USERNAME</sourceFieldName>
        <sourceFieldType>VARCHAR(255)</sourceFieldType>
        <fieldName>username</fieldName>
        <isRecordId>false</isRecordId>
        <isUnique>false</isUnique>
        <isCustomField>false</isCustomField>
        <customFieldExpr/>
        <customFieldDefaultValueStr>null</customFieldDefaultValueStr>
        <fieldCalculationType>NA</fieldCalculationType>
        <fieldTemplateType>NA</fieldTemplateType>
        <isRollingSyncSortField>false</isRollingSyncSortField>
      </field>
      <field>
        <uuid>b2b83af9-800c-46fd-85e9-7e2e45d0ced2</uuid>
        <type>{http://www.appian.com/ae/types/2009}Boolean</type>
        <sourceFieldName>IS_ACTIVE</sourceFieldName>
        <sourceFieldType>BIT</sourceFieldType>
        <fieldName>isActive</fieldName>
        <isRecordId>false</isRecordId>
        <isUnique>false</isUnique>
        <isCustomField>false</isCustomField>
        <customFieldExpr/>
        <customFieldDefaultValueStr>null</customFieldDefaultValueStr>
        <fieldCalculationType>NA</fieldCalculationType>
        <fieldTemplateType>NA</fieldTemplateType>
        <isRollingSyncSortField>false</isRollingSyncSortField>
      </field>
      <field>
        <uuid>4bf3410f-5286-4104-9393-1f323159f750</uuid>
        <type>{http://www.appian.com/ae/types/2009}Integer</type>
        <sourceFieldName>APPLICATION_LOOKUP_ID</sourceFieldName>
        <sourceFieldType>INTEGER</sourceFieldType>
        <fieldName>applicationLookupId</fieldName>
        <isRecordId>false</isRecordId>
        <isUnique>false</isUnique>
        <isCustomField>false</isCustomField>
        <customFieldExpr/>
        <customFieldDefaultValueStr>null</customFieldDefaultValueStr>
        <fieldCalculationType>NA</fieldCalculationType>
        <fieldTemplateType>NA</fieldTemplateType>
        <isRollingSyncSortField>false</isRollingSyncSortField>
      </field>
      <uuid>c979e5e8-16e0-4baf-85ff-e73a7fd8a212</uuid>
      <refreshSchedule>
        <frequency>DAILY</frequency>
        <value>{"hour":3,"minute":"00","amPM":"AM","timeZone":"Asia/Kolkata"}</value>
        <activated>true</activated>
      </refreshSchedule>
      <skipFailureEnabled>true</skipFailureEnabled>
      <recordIdGeneratorUuid/>
    </a:sourceConfiguration>
    <a:enabledFeatures>255</a:enabledFeatures>
    <a:isVisibleInRecordTypeList>false</a:isVisibleInRecordTypeList>
    <a:recordActionLaunchType>DIALOG</a:recordActionLaunchType>
    <a:showSearchBox>true</a:showSearchBox>
    <a:isVisibleInDataFabric>false</a:isVisibleInDataFabric>
    <a:usesRollingSyncLimit>true</a:usesRollingSyncLimit>
  </recordType>
  <roleMap>
    <role name="record_type_administrator">
      <users/>
      <groups>
        <groupUuid>4a801333-73ef-4c23-88f7-d4ef86b4362d</groupUuid>
      </groups>
    </role>
    <role name="record_type_viewer">
      <users/>
      <groups>
        <groupUuid>7da45a61-fcbf-43b5-8db4-4a5c0739b8f9</groupUuid>
      </groups>
    </role>
  </roleMap>
  <history>
    <historyInfo versionUuid="6d7c8c8b-8a83-4fea-ac1e-f890358b95bb"/>
  </history>
  <migrationVersion>1</migrationVersion>
</recordTypeHaul>
