<?xml version="1.0" encoding="UTF-8"?>
<recordTypeHaul xmlns:a="http://www.appian.com/ae/types/2009" xmlns:xsi="http://www.w3.org/2001/XMLSchema-instance">
  <versionUuid>290e8ca8-d2d5-49cc-be81-c759ff53b4c0</versionUuid>
  <recordType a:uuid="578f4330-78de-41cd-a986-e8cbefffae7f" name="NSM Script Details">
    <a:pluralName>Script Details</a:pluralName>
    <a:description>Record to store Script Details</a:description>
    <a:urlStub>zsMalw</a:urlStub>
    <a:source xsi:type="a:RecordsReplica"/>
    <a:listViewTemplateExpr>#"SYSTEM_SYSRULES_recordGridField"(
  emptyGridMessage: "",
  columns: {
    #"SYSTEM_SYSRULES_gridColumn"(
      label: "Ref No",
      sortField: #"urn:appian:record-field:v1:578f4330-78de-41cd-a986-e8cbefffae7f/2a85429a-2cb6-40b6-af86-aec922e7011f",
      value: #"SYSTEM_SYSRULES_linkField"(
        links: {
          #"SYSTEM_SYSRULES_recordLink"(
            label: fv!row[#"urn:appian:record-field:v1:578f4330-78de-41cd-a986-e8cbefffae7f/2a85429a-2cb6-40b6-af86-aec922e7011f"],
            recordType: #"urn:appian:record-type:v1:578f4330-78de-41cd-a986-e8cbefffae7f",
            identifier: fv!identifier
          )
        }
      )
    ),
    #"SYSTEM_SYSRULES_gridColumn"(
      label: "Application",
      sortField: #"urn:appian:record-field:v1:578f4330-78de-41cd-a986-e8cbefffae7f/f1556e9e-9c73-41e6-840d-e54db703fa27",
      value: fv!row[#"urn:appian:record-field:v1:578f4330-78de-41cd-a986-e8cbefffae7f/f4e33477-3dcf-4eed-87ef-8f7e72ef51ef/c0853c09-c935-48ba-ad37-2e8a188da7f6"]
    ),
    #"SYSTEM_SYSRULES_gridColumn"(
      label: "Object Name",
      sortField: #"urn:appian:record-field:v1:578f4330-78de-41cd-a986-e8cbefffae7f/913b6e86-36a0-431b-917d-c63c2dd76824",
      value: fv!row[#"urn:appian:record-field:v1:578f4330-78de-41cd-a986-e8cbefffae7f/913b6e86-36a0-431b-917d-c63c2dd76824"]
    ),
    #"SYSTEM_SYSRULES_gridColumn"(
      label: "Length",
      sortField: #"urn:appian:record-field:v1:578f4330-78de-41cd-a986-e8cbefffae7f/a7f0ebe6-b69d-4f83-869b-9b6e0a2a6d20",
      value: fv!row[#"urn:appian:record-field:v1:578f4330-78de-41cd-a986-e8cbefffae7f/a7f0ebe6-b69d-4f83-869b-9b6e0a2a6d20"]
    ),
    #"SYSTEM_SYSRULES_gridColumn"(
      label: "SIT",
      sortField: #"urn:appian:record-field:v1:578f4330-78de-41cd-a986-e8cbefffae7f/9809c3a2-5eaf-4cf5-ad79-c181d627317d",
      value: #"SYSTEM_SYSRULES_richTextDisplayField"(
        value: #"SYSTEM_SYSRULES_richTextIcon"(
          icon: if(
            fv!row[#"urn:appian:record-field:v1:578f4330-78de-41cd-a986-e8cbefffae7f/9809c3a2-5eaf-4cf5-ad79-c181d627317d"],
            "check-circle",
            "times-circle"
          ),
          color: if(
            fv!row[#"urn:appian:record-field:v1:578f4330-78de-41cd-a986-e8cbefffae7f/9809c3a2-5eaf-4cf5-ad79-c181d627317d"],
            "POSITIVE",
            "NEGATIVE"
          )
        ),
        align: "CENTER"
      ),
      align: "CENTER"
    ),
    #"SYSTEM_SYSRULES_gridColumn"(
      label: "UAT",
      sortField: #"urn:appian:record-field:v1:578f4330-78de-41cd-a986-e8cbefffae7f/e797e644-4848-460a-aeaa-d1363a5bf826",
      value: #"SYSTEM_SYSRULES_richTextDisplayField"(
        value: #"SYSTEM_SYSRULES_richTextIcon"(
          icon: if(
            fv!row[#"urn:appian:record-field:v1:578f4330-78de-41cd-a986-e8cbefffae7f/e797e644-4848-460a-aeaa-d1363a5bf826"],
            "check-circle",
            "times-circle"
          ),
          color: if(
            fv!row[#"urn:appian:record-field:v1:578f4330-78de-41cd-a986-e8cbefffae7f/e797e644-4848-460a-aeaa-d1363a5bf826"],
            "POSITIVE",
            "NEGATIVE"
          )
        ),
        align: "CENTER"
      ),
      align: "CENTER"
    ),
    #"SYSTEM_SYSRULES_gridColumn"(
      label: "Staging",
      sortField: #"urn:appian:record-field:v1:578f4330-78de-41cd-a986-e8cbefffae7f/00957d71-ee9b-4ffc-8846-a90a5c595775",
      value: #"SYSTEM_SYSRULES_richTextDisplayField"(
        value: #"SYSTEM_SYSRULES_richTextIcon"(
          icon: if(
            fv!row[#"urn:appian:record-field:v1:578f4330-78de-41cd-a986-e8cbefffae7f/00957d71-ee9b-4ffc-8846-a90a5c595775"],
            "check-circle",
            "times-circle"
          ),
          color: if(
            fv!row[#"urn:appian:record-field:v1:578f4330-78de-41cd-a986-e8cbefffae7f/00957d71-ee9b-4ffc-8846-a90a5c595775"],
            "POSITIVE",
            "NEGATIVE"
          )
        ),
        align: "CENTER"
      ),
      align: "CENTER"
    ),
    #"SYSTEM_SYSRULES_gridColumn"(
      label: "Prod",
      sortField: #"urn:appian:record-field:v1:578f4330-78de-41cd-a986-e8cbefffae7f/11dcaaae-e4b7-4fe0-bf71-6f6efb673774",
      value: #"SYSTEM_SYSRULES_richTextDisplayField"(
        value: #"SYSTEM_SYSRULES_richTextIcon"(
          icon: if(
            fv!row[#"urn:appian:record-field:v1:578f4330-78de-41cd-a986-e8cbefffae7f/11dcaaae-e4b7-4fe0-bf71-6f6efb673774"],
            "check-circle",
            "times-circle"
          ),
          color: if(
            fv!row[#"urn:appian:record-field:v1:578f4330-78de-41cd-a986-e8cbefffae7f/11dcaaae-e4b7-4fe0-bf71-6f6efb673774"],
            "POSITIVE",
            "NEGATIVE"
          )
        ),
        align: "CENTER"
      ),
      align: "CENTER"
    ),
    #"SYSTEM_SYSRULES_gridColumn"(
      label: "Modified By &amp; On",
      sortField: #"urn:appian:record-field:v1:578f4330-78de-41cd-a986-e8cbefffae7f/1376976d-98f8-4927-9067-580228bec928",
      value: #"SYSTEM_SYSRULES_richTextDisplayField"(
        label: "Modified By &amp; On",
        labelPosition: "JUSTIFIED",
        value: {
          #"SYSTEM_SYSRULES_richTextItem_v1"(
            text: #"_a-0000eb09-de01-8000-baae-01ef9001ef90_539837"(
              username: index(
                fv!row,
                #"urn:appian:record-field:v1:578f4330-78de-41cd-a986-e8cbefffae7f/b9d56863-f974-431d-a960-cd48bf4b9e49",
                null
              )
            )
          ),
          char(10),
          #"SYSTEM_SYSRULES_richTextItem_v1"(
            text: #"_a-0000eb09-de01-8000-baae-01ef9001ef90_539825"(
              dateTime: index(
                fv!row,
                #"urn:appian:record-field:v1:578f4330-78de-41cd-a986-e8cbefffae7f/1376976d-98f8-4927-9067-580228bec928",
                null
              )
            ),
            color: "SECONDARY",
            size: "SMALL"
          )
        }
      )
    )
  },
  pageSize: 50,
  initialSorts: {
    #"SYSTEM_SYSRULES_sortInfo"(
      field: #"urn:appian:record-field:v1:578f4330-78de-41cd-a986-e8cbefffae7f/1376976d-98f8-4927-9067-580228bec928"
    )
  },
  spacing: "STANDARD",
  borderStyle: "LIGHT",
  shadeAlternateRows: true
)</a:listViewTemplateExpr>
    <a:fieldCfg a:uuid="199d4973-b835-4afe-9fde-a84c7281bd58" name="Application Type">
      <a:description/>
      <a:sourceRef>f4e33477-3dcf-4eed-87ef-8f7e72ef51ef/c0853c09-c935-48ba-ad37-2e8a188da7f6</a:sourceRef>
      <a:isSortable>false</a:isSortable>
      <a:isSearchable>false</a:isSearchable>
      <a:isFacet>true</a:isFacet>
      <a:facetType>CUSTOM_BUCKETS_CLOSED</a:facetType>
      <a:isExclusiveFacet>true</a:isExclusiveFacet>
      <a:facetLabelExpr>"Application Type"</a:facetLabelExpr>
      <a:sortOrderIndex>0</a:sortOrderIndex>
      <a:facetOrderIndex>0</a:facetOrderIndex>
      <a:visibilityExpr/>
      <a:defaultOptionExpr>index(
  #"_a-0000ebf9-1d05-8000-baba-01ef9001ef90_774516"(
    username: loggedInUser(),
    pagingInfo: #"SYSTEM_SYSRULES_pagingInfo"(1, 1)
  ),
  "applicationLookupId",
  null
)</a:defaultOptionExpr>
      <a:allowMultipleSelections>true</a:allowMultipleSelections>
      <a:relatedRecordFieldUuid>f4e33477-3dcf-4eed-87ef-8f7e72ef51ef/c0853c09-c935-48ba-ad37-2e8a188da7f6</a:relatedRecordFieldUuid>
      <a:relatedRecordUserFilterSort>UNSORTED</a:relatedRecordUserFilterSort>
    </a:fieldCfg>
    <a:fieldCfg a:uuid="af277e92-0778-4f32-a71a-ecf69a3f06c0" name="Modified Date">
      <a:sourceRef>1376976d-98f8-4927-9067-580228bec928</a:sourceRef>
      <a:isSortable>false</a:isSortable>
      <a:isSearchable>false</a:isSearchable>
      <a:isFacet>true</a:isFacet>
      <a:facetType>DATE_RANGE</a:facetType>
      <a:isExclusiveFacet>true</a:isExclusiveFacet>
      <a:facetLabelExpr>"Modified Date"</a:facetLabelExpr>
      <a:sortOrderIndex>1</a:sortOrderIndex>
      <a:facetOrderIndex>1</a:facetOrderIndex>
      <a:visibilityExpr/>
      <a:defaultOptionExpr/>
      <a:allowMultipleSelections>true</a:allowMultipleSelections>
      <a:relatedRecordUserFilterSort>UNSORTED</a:relatedRecordUserFilterSort>
    </a:fieldCfg>
    <a:fieldCfg a:uuid="bec774bf-31de-430d-be7b-fcb7f8905524" name="Modified By">
      <a:isSortable>false</a:isSortable>
      <a:isSearchable>false</a:isSearchable>
      <a:isFacet>true</a:isFacet>
      <a:facetType>EXPRESSION</a:facetType>
      <a:isExclusiveFacet>true</a:isExclusiveFacet>
      <a:facetExpr>#"SYSTEM_SYSRULES_recordFilterList"(
  name: "Modified By",
  options: a!localVariables(
    local!fieldValues: a!groupMembers(
      group: #"_a-0000eb1a-e02c-8000-bab0-01ef9001ef90_547133",
      memberType: "USER",
      pagingInfo: #"SYSTEM_SYSRULES_pagingInfo"(1, 5000)
    ),
    #"SYSTEM_SYSRULES_forEach"(
      items: local!fieldValues,
      expression: #"SYSTEM_SYSRULES_recordFilterListOption"(
        id: fv!index,
        name: concat(
          user(fv!item, "firstName"),
          " ",
          user(fv!item, "lastName")
        ),
        filter: #"SYSTEM_SYSRULES_queryFilter"(
          field: #"urn:appian:record-field:v1:578f4330-78de-41cd-a986-e8cbefffae7f/b9d56863-f974-431d-a960-cd48bf4b9e49",
          operator: "=",
          value: fv!item
        )
      )
    )
  ),
  defaultOption: null,
  isVisible: true,
  allowMultipleSelections: true
)</a:facetExpr>
      <a:sortOrderIndex>2</a:sortOrderIndex>
      <a:facetOrderIndex>2</a:facetOrderIndex>
      <a:visibilityExpr/>
      <a:defaultOptionExpr/>
      <a:allowMultipleSelections>true</a:allowMultipleSelections>
      <a:relatedRecordUserFilterSort>UNSORTED</a:relatedRecordUserFilterSort>
    </a:fieldCfg>
    <a:detailViewCfg>
      <a:nameExpr>#"SYSTEM_SYSRULES_rtd_getDefaultSummaryViewName"()</a:nameExpr>
      <a:uiExpr>#"180fbd81-cb52-4b03-b225-cce0de6d4e6c"(record: rv!record)</a:uiExpr>
      <a:visibilityExpr>=true()</a:visibilityExpr>
      <a:urlStub>summary</a:urlStub>
      <a:headerExpr/>
      <a:recordActionLaunchType>DIALOG</a:recordActionLaunchType>
      <a:recordUiSecurityType>EXPRESSION</a:recordUiSecurityType>
    </a:detailViewCfg>
    <a:relatedActionCfg a:uuid="2267871c-74d7-40ac-a6a2-1c5cb32573e9">
      <a:target a:uuid="be79019f-fbfa-4053-a86f-c6872b5febd3" xsi:type="a:ProcessModel"/>
      <a:contextExpr>{
  record: rv!record,
  cancel: false()
}</a:contextExpr>
      <a:visibilityExpr>not(
  #"_a-0000ebf9-1d05-8000-baba-01ef9001ef90_774479"(
    #"_a-0000ebf9-1d05-8000-baba-01ef9001ef90_774516"(
      applicationLookupId: rv!record[#"urn:appian:record-field:v1:578f4330-78de-41cd-a986-e8cbefffae7f/f1556e9e-9c73-41e6-840d-e54db703fa27"],
      username: loggedInUser(),
      pagingInfo: #"SYSTEM_SYSRULES_pagingInfo"(1, 1)
    )
  )
)</a:visibilityExpr>
      <a:iconId>f1f8</a:iconId>
      <a:refId>refId-2267871c-74d7-40ac-a6a2-1c5cb32573e9</a:refId>
      <a:staticTitleString>Delete Script Entry</a:staticTitleString>
      <a:staticDescriptionString>Action to delete a Script Entry</a:staticDescriptionString>
      <a:referenceKey>deleteScriptEntry</a:referenceKey>
      <a:dialogSize>SMALL</a:dialogSize>
      <a:showInRecordList>false</a:showInRecordList>
      <a:recordUiSecurityType>EXPRESSION</a:recordUiSecurityType>
    </a:relatedActionCfg>
    <a:relatedActionCfg a:uuid="6de25640-9716-41bf-acf2-3ea155ac5f9e">
      <a:target a:uuid="d97db379-a8ca-427c-8d2a-632cd5d09829" xsi:type="a:ProcessModel"/>
      <a:contextExpr>{
  record: #"d8507db2-7c29-4175-bfce-2d1ce2f3c5ac"(id: rv!identifier),
  cancel: false(),
  isUpdate: true()
}</a:contextExpr>
      <a:visibilityExpr>not(
  #"_a-0000ebf9-1d05-8000-baba-01ef9001ef90_774479"(
    #"_a-0000ebf9-1d05-8000-baba-01ef9001ef90_774516"(
      applicationLookupId: rv!record[#"urn:appian:record-field:v1:578f4330-78de-41cd-a986-e8cbefffae7f/f1556e9e-9c73-41e6-840d-e54db703fa27"],
      username: loggedInUser(),
      pagingInfo: #"SYSTEM_SYSRULES_pagingInfo"(1, 1)
    )
  )
)</a:visibilityExpr>
      <a:iconId>f044</a:iconId>
      <a:refId>refId-6de25640-9716-41bf-acf2-3ea155ac5f9e</a:refId>
      <a:staticTitleString>Update Script Entry</a:staticTitleString>
      <a:staticDescriptionString>Action to update a Script Entry</a:staticDescriptionString>
      <a:referenceKey>updateScriptEntry</a:referenceKey>
      <a:dialogSize>LARGE</a:dialogSize>
      <a:showInRecordList>false</a:showInRecordList>
      <a:recordUiSecurityType>EXPRESSION</a:recordUiSecurityType>
    </a:relatedActionCfg>
    <a:isSystem>false</a:isSystem>
    <a:dataSrcExpr/>
    <a:facetsListExpr/>
    <a:titleExpr>rv!record[#"urn:appian:record-field:v1:578f4330-78de-41cd-a986-e8cbefffae7f/2a85429a-2cb6-40b6-af86-aec922e7011f"]</a:titleExpr>
    <a:defaultFiltersExpr/>
    <a:layoutType>GRID</a:layoutType>
    <a:security>16383</a:security>
    <a:hideLatestNews>false</a:hideLatestNews>
    <a:hideNewsView>true</a:hideNewsView>
    <a:hideRelatedActionsView>false</a:hideRelatedActionsView>
    <a:isExportable>false</a:isExportable>
    <a:listViewSrcExpr/>
    <a:recordViewSrcExpr/>
    <a:recordListActionCfg a:uuid="13e2d631-e83d-4a49-9c9a-c9c64e99c0e9">
      <a:staticTitle>New Script</a:staticTitle>
      <a:staticDescription>Action to create a new Script Entry</a:staticDescription>
      <a:iconId>f067</a:iconId>
      <a:target a:uuid="d97db379-a8ca-427c-8d2a-632cd5d09829" xsi:type="a:ProcessModel"/>
      <a:visibilityExpr>not(
  #"_a-0000ebf9-1d05-8000-baba-01ef9001ef90_774479"(
    #"_a-0000ebf9-1d05-8000-baba-01ef9001ef90_774516"(
      username: loggedInUser(),
      pagingInfo: #"SYSTEM_SYSRULES_pagingInfo"(1, 1)
    )
  )
)</a:visibilityExpr>
      <a:referenceKey>newScriptEntry</a:referenceKey>
      <a:dialogSize>LARGE</a:dialogSize>
      <a:showInRecordList>true</a:showInRecordList>
      <a:recordUiSecurityType>EXPRESSION</a:recordUiSecurityType>
    </a:recordListActionCfg>
    <a:recordRelationshipCfg>
      <uuid>18d5cda7-a9c0-493b-82ee-ccdeed27019b</uuid>
      <relationshipName>createdByUser</relationshipName>
      <targetRecordTypeUuid>SYSTEM_RECORD_TYPE_USER</targetRecordTypeUuid>
      <relationshipType>MANY_TO_ONE</relationshipType>
      <relationshipData>{"sourceRecordTypeFieldUuid":"7903c7ea-2a2f-4747-a58b-09eb459bd968","targetRecordTypeFieldUuid":"SYSTEM_RECORD_TYPE_USER_FIELD_username","relationshipOperator":"1","joinTableSourceField":"","joinTableTargetField":""}</relationshipData>
      <updateBehavior>NON_CASCADING</updateBehavior>
    </a:recordRelationshipCfg>
    <a:recordRelationshipCfg>
      <uuid>b0e00b65-f669-49fb-8d63-2bd147e8bc5d</uuid>
      <relationshipName>modifiedByUser</relationshipName>
      <targetRecordTypeUuid>SYSTEM_RECORD_TYPE_USER</targetRecordTypeUuid>
      <relationshipType>MANY_TO_ONE</relationshipType>
      <relationshipData>{"sourceRecordTypeFieldUuid":"b9d56863-f974-431d-a960-cd48bf4b9e49","targetRecordTypeFieldUuid":"SYSTEM_RECORD_TYPE_USER_FIELD_username","relationshipOperator":"1","joinTableSourceField":"","joinTableTargetField":""}</relationshipData>
      <updateBehavior>NON_CASCADING</updateBehavior>
    </a:recordRelationshipCfg>
    <a:recordRelationshipCfg>
      <uuid>f4e33477-3dcf-4eed-87ef-8f7e72ef51ef</uuid>
      <relationshipName>applicationType</relationshipName>
      <targetRecordTypeUuid>dc989bd8-cdfa-4ab9-8df8-b0eddb56a0d0</targetRecordTypeUuid>
      <relationshipType>MANY_TO_ONE</relationshipType>
      <relationshipData>{"sourceRecordTypeFieldUuid":"f1556e9e-9c73-41e6-840d-e54db703fa27","targetRecordTypeFieldUuid":"997fe243-d83a-477a-be95-3b7e4747b1e8","relationshipOperator":"1","joinTableSourceField":"","joinTableTargetField":""}</relationshipData>
      <updateBehavior>NON_CASCADING</updateBehavior>
    </a:recordRelationshipCfg>
    <a:recordRelationshipCfg>
      <uuid>c18b4926-b13e-412f-9efb-e8bee10aee36</uuid>
      <relationshipName>eventHistory</relationshipName>
      <targetRecordTypeUuid>e4e37095-a19b-442d-8cc0-eb9d064afc4f</targetRecordTypeUuid>
      <relationshipType>ONE_TO_MANY</relationshipType>
      <relationshipData>{"sourceRecordTypeFieldUuid":"48912b96-b4f6-41eb-9e88-4ec9c4700419","targetRecordTypeFieldUuid":"adbe1017-9d9d-47c5-bb62-27df4e6a2708","relationshipOperator":"1","joinTableSourceField":"","joinTableTargetField":""}</relationshipData>
      <updateBehavior>CASCADING</updateBehavior>
    </a:recordRelationshipCfg>
    <a:recordRelationshipCfg>
      <uuid>db7c6f6f-4909-4d99-bd39-1574abaf4e2d</uuid>
      <relationshipName>nsmScriptText</relationshipName>
      <targetRecordTypeUuid>bf866fb9-5fee-40e1-9757-70ff9824be34</targetRecordTypeUuid>
      <relationshipType>ONE_TO_MANY</relationshipType>
      <relationshipData>{"sourceRecordTypeFieldUuid":"48912b96-b4f6-41eb-9e88-4ec9c4700419","targetRecordTypeFieldUuid":"ad842d7c-0e41-491c-bc12-45eaadd66200","relationshipOperator":"1","joinTableSourceField":"","joinTableTargetField":""}</relationshipData>
      <updateBehavior>CASCADING</updateBehavior>
    </a:recordRelationshipCfg>
    <a:recordTypeSearchCfg>
      <searchFieldsSrc>STATIC</searchFieldsSrc>
      <placeholderSrc>DEFAULT</placeholderSrc>
      <placeholder/>
      <recordTypeSearchFieldCfgs>
        <queryInfo>db7c6f6f-4909-4d99-bd39-1574abaf4e2d/0457e5c1-dfa6-4c6b-9661-8ee4522c08eb</queryInfo>
        <orderIdx>1</orderIdx>
      </recordTypeSearchFieldCfgs>
      <recordTypeSearchFieldCfgs>
        <queryInfo>b0e00b65-f669-49fb-8d63-2bd147e8bc5d/SYSTEM_RECORD_TYPE_USER_FIELD_firstAndLastName</queryInfo>
        <orderIdx>2</orderIdx>
      </recordTypeSearchFieldCfgs>
      <recordTypeSearchFieldCfgs>
        <queryInfo>18d5cda7-a9c0-493b-82ee-ccdeed27019b/SYSTEM_RECORD_TYPE_USER_FIELD_firstAndLastName</queryInfo>
        <orderIdx>3</orderIdx>
      </recordTypeSearchFieldCfgs>
      <recordTypeSearchFieldCfgs>
        <queryInfo>913b6e86-36a0-431b-917d-c63c2dd76824</queryInfo>
        <orderIdx>4</orderIdx>
      </recordTypeSearchFieldCfgs>
      <recordTypeSearchFieldCfgs>
        <queryInfo>be90b922-1dc5-494c-9b34-d156f06695cd</queryInfo>
        <orderIdx>5</orderIdx>
      </recordTypeSearchFieldCfgs>
      <recordTypeSearchFieldCfgs>
        <queryInfo>c62eac15-4a15-454d-99ca-671d98ab6b86</queryInfo>
        <orderIdx>6</orderIdx>
      </recordTypeSearchFieldCfgs>
      <recordTypeSearchFieldCfgs>
        <queryInfo>2a85429a-2cb6-40b6-af86-aec922e7011f</queryInfo>
        <orderIdx>7</orderIdx>
      </recordTypeSearchFieldCfgs>
    </a:recordTypeSearchCfg>
    <a:iconId/>
    <a:listAutoRefreshInterval>0.0</a:listAutoRefreshInterval>
    <a:sourceConfiguration>
      <sourceUuid>NSM_SCRIPT_DETAILS@jdbc/appianbusiness</sourceUuid>
      <sourceType>RDBMS_TABLE</sourceType>
      <sourceSubType>NONE</sourceSubType>
      <friendlyName>NSM_SCRIPT_DETAILS</friendlyName>
      <sourceFilterExpr/>
      <field>
        <uuid>48912b96-b4f6-41eb-9e88-4ec9c4700419</uuid>
        <type>{http://www.appian.com/ae/types/2009}Integer</type>
        <sourceFieldName>ID</sourceFieldName>
        <sourceFieldType>INTEGER</sourceFieldType>
        <fieldName>id</fieldName>
        <isRecordId>true</isRecordId>
        <isUnique>true</isUnique>
        <isCustomField>false</isCustomField>
        <customFieldExpr/>
        <customFieldDefaultValueStr>null</customFieldDefaultValueStr>
        <fieldCalculationType>NA</fieldCalculationType>
        <fieldTemplateType>NA</fieldTemplateType>
        <isRollingSyncSortField>true</isRollingSyncSortField>
      </field>
      <field>
        <uuid>f1556e9e-9c73-41e6-840d-e54db703fa27</uuid>
        <type>{http://www.appian.com/ae/types/2009}Integer</type>
        <sourceFieldName>APPLICATION_TYPE_ID</sourceFieldName>
        <sourceFieldType>INTEGER</sourceFieldType>
        <fieldName>applicationTypeId</fieldName>
        <isRecordId>false</isRecordId>
        <isUnique>false</isUnique>
        <isCustomField>false</isCustomField>
        <customFieldExpr/>
        <customFieldDefaultValueStr>null</customFieldDefaultValueStr>
        <fieldCalculationType>NA</fieldCalculationType>
        <fieldTemplateType>NA</fieldTemplateType>
        <isRollingSyncSortField>false</isRollingSyncSortField>
      </field>
      <field>
        <uuid>2a85429a-2cb6-40b6-af86-aec922e7011f</uuid>
        <type>{http://www.appian.com/ae/types/2009}Text</type>
        <sourceFieldName>REFERENCE_NUMBER</sourceFieldName>
        <sourceFieldType>VARCHAR(255)</sourceFieldType>
        <fieldName>referenceNumber</fieldName>
        <isRecordId>false</isRecordId>
        <isUnique>false</isUnique>
        <isCustomField>false</isCustomField>
        <customFieldExpr/>
        <customFieldDefaultValueStr>null</customFieldDefaultValueStr>
        <fieldCalculationType>NA</fieldCalculationType>
        <fieldTemplateType>NA</fieldTemplateType>
        <isRollingSyncSortField>false</isRollingSyncSortField>
      </field>
      <field>
        <uuid>c62eac15-4a15-454d-99ca-671d98ab6b86</uuid>
        <type>{http://www.appian.com/ae/types/2009}Text</type>
        <sourceFieldName>JIRA_TICKET_ID</sourceFieldName>
        <sourceFieldType>VARCHAR(255)</sourceFieldType>
        <fieldName>jiraTicketId</fieldName>
        <isRecordId>false</isRecordId>
        <isUnique>false</isUnique>
        <isCustomField>false</isCustomField>
        <customFieldExpr/>
        <customFieldDefaultValueStr>null</customFieldDefaultValueStr>
        <fieldCalculationType>NA</fieldCalculationType>
        <fieldTemplateType>NA</fieldTemplateType>
        <isRollingSyncSortField>false</isRollingSyncSortField>
      </field>
      <field>
        <uuid>913b6e86-36a0-431b-917d-c63c2dd76824</uuid>
        <type>{http://www.appian.com/ae/types/2009}Text</type>
        <sourceFieldName>OBJECT_NAME</sourceFieldName>
        <sourceFieldType>VARCHAR(255)</sourceFieldType>
        <fieldName>objectName</fieldName>
        <isRecordId>false</isRecordId>
        <isUnique>false</isUnique>
        <isCustomField>false</isCustomField>
        <customFieldExpr/>
        <customFieldDefaultValueStr>null</customFieldDefaultValueStr>
        <fieldCalculationType>NA</fieldCalculationType>
        <fieldTemplateType>NA</fieldTemplateType>
        <isRollingSyncSortField>false</isRollingSyncSortField>
      </field>
      <field>
        <uuid>be90b922-1dc5-494c-9b34-d156f06695cd</uuid>
        <type>{http://www.appian.com/ae/types/2009}Text</type>
        <sourceFieldName>COMMENTS</sourceFieldName>
        <sourceFieldType>VARCHAR(4000)</sourceFieldType>
        <fieldName>comments</fieldName>
        <isRecordId>false</isRecordId>
        <isUnique>false</isUnique>
        <isCustomField>false</isCustomField>
        <customFieldExpr/>
        <customFieldDefaultValueStr>null</customFieldDefaultValueStr>
        <fieldCalculationType>NA</fieldCalculationType>
        <fieldTemplateType>NA</fieldTemplateType>
        <isRollingSyncSortField>false</isRollingSyncSortField>
      </field>
      <field>
        <uuid>9809c3a2-5eaf-4cf5-ad79-c181d627317d</uuid>
        <type>{http://www.appian.com/ae/types/2009}Boolean</type>
        <sourceFieldName>IS_MOVED_TO_SIT</sourceFieldName>
        <sourceFieldType>BIT</sourceFieldType>
        <fieldName>isMovedToSIT</fieldName>
        <isRecordId>false</isRecordId>
        <isUnique>false</isUnique>
        <isCustomField>false</isCustomField>
        <customFieldExpr/>
        <customFieldDefaultValueStr>null</customFieldDefaultValueStr>
        <fieldCalculationType>NA</fieldCalculationType>
        <fieldTemplateType>NA</fieldTemplateType>
        <isRollingSyncSortField>false</isRollingSyncSortField>
      </field>
      <field>
        <uuid>e797e644-4848-460a-aeaa-d1363a5bf826</uuid>
        <type>{http://www.appian.com/ae/types/2009}Boolean</type>
        <sourceFieldName>IS_MOVED_TO_UAT</sourceFieldName>
        <sourceFieldType>BIT</sourceFieldType>
        <fieldName>isMovedToUAT</fieldName>
        <isRecordId>false</isRecordId>
        <isUnique>false</isUnique>
        <isCustomField>false</isCustomField>
        <customFieldExpr/>
        <customFieldDefaultValueStr>null</customFieldDefaultValueStr>
        <fieldCalculationType>NA</fieldCalculationType>
        <fieldTemplateType>NA</fieldTemplateType>
        <isRollingSyncSortField>false</isRollingSyncSortField>
      </field>
      <field>
        <uuid>00957d71-ee9b-4ffc-8846-a90a5c595775</uuid>
        <type>{http://www.appian.com/ae/types/2009}Boolean</type>
        <sourceFieldName>IS_MOVED_TO_STAGING</sourceFieldName>
        <sourceFieldType>BIT</sourceFieldType>
        <fieldName>isMovedToStaging</fieldName>
        <isRecordId>false</isRecordId>
        <isUnique>false</isUnique>
        <isCustomField>false</isCustomField>
        <customFieldExpr/>
        <customFieldDefaultValueStr>null</customFieldDefaultValueStr>
        <fieldCalculationType>NA</fieldCalculationType>
        <fieldTemplateType>NA</fieldTemplateType>
        <isRollingSyncSortField>false</isRollingSyncSortField>
      </field>
      <field>
        <uuid>11dcaaae-e4b7-4fe0-bf71-6f6efb673774</uuid>
        <type>{http://www.appian.com/ae/types/2009}Boolean</type>
        <sourceFieldName>IS_MOVED_TO_PROD</sourceFieldName>
        <sourceFieldType>BIT</sourceFieldType>
        <fieldName>isMovedToProd</fieldName>
        <isRecordId>false</isRecordId>
        <isUnique>false</isUnique>
        <isCustomField>false</isCustomField>
        <customFieldExpr/>
        <customFieldDefaultValueStr>null</customFieldDefaultValueStr>
        <fieldCalculationType>NA</fieldCalculationType>
        <fieldTemplateType>NA</fieldTemplateType>
        <isRollingSyncSortField>false</isRollingSyncSortField>
      </field>
      <field>
        <uuid>7903c7ea-2a2f-4747-a58b-09eb459bd968</uuid>
        <type>{http://www.appian.com/ae/types/2009}User</type>
        <sourceFieldName>CREATED_BY</sourceFieldName>
        <sourceFieldType>VARCHAR(255)</sourceFieldType>
        <fieldName>createdBy</fieldName>
        <isRecordId>false</isRecordId>
        <isUnique>false</isUnique>
        <isCustomField>false</isCustomField>
        <customFieldExpr/>
        <customFieldDefaultValueStr>null</customFieldDefaultValueStr>
        <fieldCalculationType>NA</fieldCalculationType>
        <fieldTemplateType>NA</fieldTemplateType>
        <isRollingSyncSortField>false</isRollingSyncSortField>
      </field>
      <field>
        <uuid>9d09fac6-2b02-4284-acd9-b9de2ad1f829</uuid>
        <type>{http://www.appian.com/ae/types/2009}Datetime</type>
        <sourceFieldName>CREATED_ON</sourceFieldName>
        <sourceFieldType>TIMESTAMP</sourceFieldType>
        <fieldName>createdOn</fieldName>
        <isRecordId>false</isRecordId>
        <isUnique>false</isUnique>
        <isCustomField>false</isCustomField>
        <customFieldExpr/>
        <customFieldDefaultValueStr>null</customFieldDefaultValueStr>
        <fieldCalculationType>NA</fieldCalculationType>
        <fieldTemplateType>NA</fieldTemplateType>
        <isRollingSyncSortField>false</isRollingSyncSortField>
      </field>
      <field>
        <uuid>b9d56863-f974-431d-a960-cd48bf4b9e49</uuid>
        <type>{http://www.appian.com/ae/types/2009}User</type>
        <sourceFieldName>MODIFIED_BY</sourceFieldName>
        <sourceFieldType>VARCHAR(255)</sourceFieldType>
        <fieldName>modifiedBy</fieldName>
        <isRecordId>false</isRecordId>
        <isUnique>false</isUnique>
        <isCustomField>false</isCustomField>
        <customFieldExpr/>
        <customFieldDefaultValueStr>null</customFieldDefaultValueStr>
        <fieldCalculationType>NA</fieldCalculationType>
        <fieldTemplateType>NA</fieldTemplateType>
        <isRollingSyncSortField>false</isRollingSyncSortField>
      </field>
      <field>
        <uuid>1376976d-98f8-4927-9067-580228bec928</uuid>
        <type>{http://www.appian.com/ae/types/2009}Datetime</type>
        <sourceFieldName>MODIFIED_ON</sourceFieldName>
        <sourceFieldType>TIMESTAMP</sourceFieldType>
        <fieldName>modifiedOn</fieldName>
        <isRecordId>false</isRecordId>
        <isUnique>false</isUnique>
        <isCustomField>false</isCustomField>
        <customFieldExpr/>
        <customFieldDefaultValueStr>null</customFieldDefaultValueStr>
        <fieldCalculationType>NA</fieldCalculationType>
        <fieldTemplateType>NA</fieldTemplateType>
        <isRollingSyncSortField>false</isRollingSyncSortField>
      </field>
      <field>
        <uuid>a7f0ebe6-b69d-4f83-869b-9b6e0a2a6d20</uuid>
        <type>{http://www.appian.com/ae/types/2009}Integer</type>
        <sourceFieldName/>
        <sourceFieldType/>
        <fieldName>totalLengthOfScript</fieldName>
        <isRecordId>false</isRecordId>
        <isUnique>false</isUnique>
        <isCustomField>true</isCustomField>
        <customFieldExpr>#"SYSTEM_SYSRULES_measure"(
  function: "SUM",
  field: #"urn:appian:record-field:v1:578f4330-78de-41cd-a986-e8cbefffae7f/db7c6f6f-4909-4d99-bd39-1574abaf4e2d/6807487a-2dc2-4195-b8ef-3cd25475ffef"
)</customFieldExpr>
        <customFieldDefaultValueStr>null</customFieldDefaultValueStr>
        <fieldCalculationType>QUERY_TIME</fieldCalculationType>
        <fieldTemplateType>AGGREGATION</fieldTemplateType>
        <isRollingSyncSortField>false</isRollingSyncSortField>
      </field>
      <uuid>4a6f2d2f-4d23-416b-9450-438bc5674f81</uuid>
      <refreshSchedule>
        <frequency>DAILY</frequency>
        <value>{"hour":3,"minute":"00","amPM":"AM","timeZone":"Asia/Kolkata"}</value>
        <activated>true</activated>
      </refreshSchedule>
      <skipFailureEnabled>true</skipFailureEnabled>
      <recordIdGeneratorUuid/>
    </a:sourceConfiguration>
    <a:enabledFeatures>255</a:enabledFeatures>
    <a:isVisibleInRecordTypeList>false</a:isVisibleInRecordTypeList>
    <a:recordActionLaunchType>DIALOG</a:recordActionLaunchType>
    <a:showSearchBox>true</a:showSearchBox>
    <a:recordEventsConfig>
      <uuid>e428e99c-462c-4b27-b2e1-326d1e76eb96</uuid>
      <eventRecordTypeUuid>e4e37095-a19b-442d-8cc0-eb9d064afc4f</eventRecordTypeUuid>
      <eventRelationshipUuid>c18b4926-b13e-412f-9efb-e8bee10aee36</eventRelationshipUuid>
      <eventTypeRecordTypeUuid>045d6ea6-697a-4e70-89a4-db22446cb456</eventTypeRecordTypeUuid>
      <eventTypeRelationshipUuid>5447d93d-9eb7-4274-a78e-fe6e77f4d169</eventTypeRelationshipUuid>
      <eventTimestampFieldUuid>4f4a0323-0bbe-4d1c-8ca2-1f91bf520870</eventTimestampFieldUuid>
      <eventUserFieldUuid>d9b3800f-6632-4d8c-94f7-0214205e2488</eventUserFieldUuid>
      <eventTypeValueFieldUuid>ffe4c95e-27de-4bf7-ae84-86740169f209</eventTypeValueFieldUuid>
      <generateCommonEvents>true</generateCommonEvents>
      <eventAutomationIdentifierFieldUuid>e8d5ff92-3b4c-4171-8746-60e85f96f019</eventAutomationIdentifierFieldUuid>
      <eventCommentFieldUuid/>
      <commentEventTypeId>0</commentEventTypeId>
    </a:recordEventsConfig>
    <a:isVisibleInDataFabric>false</a:isVisibleInDataFabric>
    <a:usesRollingSyncLimit>true</a:usesRollingSyncLimit>
  </recordType>
  <roleMap>
    <role name="record_type_administrator">
      <users/>
      <groups>
        <groupUuid>4a801333-73ef-4c23-88f7-d4ef86b4362d</groupUuid>
      </groups>
    </role>
    <role name="record_type_viewer">
      <users/>
      <groups>
        <groupUuid>7da45a61-fcbf-43b5-8db4-4a5c0739b8f9</groupUuid>
      </groups>
    </role>
  </roleMap>
  <history>
    <historyInfo versionUuid="d729f8a2-e46d-4525-9caa-5ff4e6e25da3"/>
    <historyInfo versionUuid="515c4178-f790-4057-8d67-f037a7a0a216"/>
    <historyInfo versionUuid="cbcc7eff-e4dc-4ac2-8247-b43a65f19642"/>
    <historyInfo versionUuid="4ee85b42-0bd5-48f2-b652-c10a53f42fbe"/>
    <historyInfo versionUuid="01740ed1-e0e5-41b0-b32c-8be0572e1152"/>
    <historyInfo versionUuid="64b4819e-05a3-46bf-8f6d-c4fe8837ef5b"/>
    <historyInfo versionUuid="290e8ca8-d2d5-49cc-be81-c759ff53b4c0"/>
  </history>
  <migrationVersion>1</migrationVersion>
</recordTypeHaul>
