<?xml version="1.0" encoding="UTF-8"?>
<recordTypeHaul xmlns:a="http://www.appian.com/ae/types/2009" xmlns:xsi="http://www.w3.org/2001/XMLSchema-instance">
  <versionUuid>0cadfce3-ada4-4650-8e06-3a4fa3ce6ba6</versionUuid>
  <recordType a:uuid="bf866fb9-5fee-40e1-9757-70ff9824be34" name="NSM Script Text">
    <a:pluralName>Script Texts</a:pluralName>
    <a:description>Record to store Script Texts</a:description>
    <a:urlStub>ME9zzA</a:urlStub>
    <a:source xsi:type="a:RecordsReplica"/>
    <a:listViewTemplateExpr>#"SYSTEM_SYSRULES_recordGridField"(
  columns: {
    #"SYSTEM_SYSRULES_gridColumn"(
      label: "Id",
      sortField: 'recordType!{bf866fb9-5fee-40e1-9757-70ff9824be34}NSM Script Text.fields.{e9808813-54d8-4387-8446-5113aed5d605}id',
      value: fv!row['recordType!{bf866fb9-5fee-40e1-9757-70ff9824be34}NSM Script Text.fields.{e9808813-54d8-4387-8446-5113aed5d605}id'],
      align: "END"
    ),
    #"SYSTEM_SYSRULES_gridColumn"(
      label: "Script Details",
      sortField: 'recordType!{bf866fb9-5fee-40e1-9757-70ff9824be34}.relationships.{0d09c92e-8834-4695-8a52-c0f670ffe7ea}.fields.{2a85429a-2cb6-40b6-af86-aec922e7011f}',
      value: #"SYSTEM_SYSRULES_linkField"(
        links: {
          #"SYSTEM_SYSRULES_recordLink"(
            label: fv!row['recordType!{bf866fb9-5fee-40e1-9757-70ff9824be34}.relationships.{0d09c92e-8834-4695-8a52-c0f670ffe7ea}.fields.{2a85429a-2cb6-40b6-af86-aec922e7011f}'],
            recordType: #"urn:appian:record-type:v1:bf866fb9-5fee-40e1-9757-70ff9824be34",
            identifier: fv!identifier
          )
        }
      ),
      align: "END"
    ),
    #"SYSTEM_SYSRULES_gridColumn"(
      label: "Script",
      sortField: 'recordType!{bf866fb9-5fee-40e1-9757-70ff9824be34}NSM Script Text.fields.{0457e5c1-dfa6-4c6b-9661-8ee4522c08eb}script',
      value: fv!row['recordType!{bf866fb9-5fee-40e1-9757-70ff9824be34}NSM Script Text.fields.{0457e5c1-dfa6-4c6b-9661-8ee4522c08eb}script']
    ),
    #"SYSTEM_SYSRULES_gridColumn"(
      label: "Is Active",
      sortField: 'recordType!{bf866fb9-5fee-40e1-9757-70ff9824be34}NSM Script Text.fields.{96f92ef1-e727-4829-99d4-7c8acc6538fb}isActive',
      value: fv!row['recordType!{bf866fb9-5fee-40e1-9757-70ff9824be34}NSM Script Text.fields.{96f92ef1-e727-4829-99d4-7c8acc6538fb}isActive']
    )
  },
  pageSize: 50,
  shadeAlternateRows: true
)</a:listViewTemplateExpr>
    <a:fieldCfg a:uuid="9659fcca-889b-490a-a2fc-87b26b07d7ed" name="NSM Script Details">
      <a:description/>
      <a:sourceRef>0d09c92e-8834-4695-8a52-c0f670ffe7ea/2a85429a-2cb6-40b6-af86-aec922e7011f</a:sourceRef>
      <a:isSortable>false</a:isSortable>
      <a:isSearchable>false</a:isSearchable>
      <a:isFacet>true</a:isFacet>
      <a:facetType>CUSTOM_BUCKETS_CLOSED</a:facetType>
      <a:isExclusiveFacet>true</a:isExclusiveFacet>
      <a:facetLabelExpr>"Script Details"</a:facetLabelExpr>
      <a:sortOrderIndex>0</a:sortOrderIndex>
      <a:facetOrderIndex>0</a:facetOrderIndex>
      <a:visibilityExpr/>
      <a:defaultOptionExpr/>
      <a:allowMultipleSelections>true</a:allowMultipleSelections>
      <a:relatedRecordFieldUuid>0d09c92e-8834-4695-8a52-c0f670ffe7ea/2a85429a-2cb6-40b6-af86-aec922e7011f</a:relatedRecordFieldUuid>
      <a:relatedRecordUserFilterSort>UNSORTED</a:relatedRecordUserFilterSort>
    </a:fieldCfg>
    <a:detailViewCfg>
      <a:nameExpr>#"SYSTEM_SYSRULES_rtd_getDefaultSummaryViewName"()</a:nameExpr>
      <a:uiExpr/>
      <a:visibilityExpr>=true()</a:visibilityExpr>
      <a:urlStub>summary</a:urlStub>
      <a:headerExpr/>
      <a:recordActionLaunchType>DIALOG</a:recordActionLaunchType>
      <a:recordUiSecurityType>EXPRESSION</a:recordUiSecurityType>
    </a:detailViewCfg>
    <a:isSystem>false</a:isSystem>
    <a:dataSrcExpr/>
    <a:facetsListExpr/>
    <a:titleExpr>rv!record[#"urn:appian:record-field:v1:bf866fb9-5fee-40e1-9757-70ff9824be34/0457e5c1-dfa6-4c6b-9661-8ee4522c08eb"]</a:titleExpr>
    <a:defaultFiltersExpr/>
    <a:layoutType>GRID</a:layoutType>
    <a:security>16383</a:security>
    <a:hideLatestNews>false</a:hideLatestNews>
    <a:hideNewsView>false</a:hideNewsView>
    <a:hideRelatedActionsView>false</a:hideRelatedActionsView>
    <a:isExportable>true</a:isExportable>
    <a:listViewSrcExpr/>
    <a:recordViewSrcExpr/>
    <a:recordRelationshipCfg>
      <uuid>0d09c92e-8834-4695-8a52-c0f670ffe7ea</uuid>
      <relationshipName>scriptDetails</relationshipName>
      <targetRecordTypeUuid>578f4330-78de-41cd-a986-e8cbefffae7f</targetRecordTypeUuid>
      <relationshipType>MANY_TO_ONE</relationshipType>
      <relationshipData>{"sourceRecordTypeFieldUuid":"ad842d7c-0e41-491c-bc12-45eaadd66200","targetRecordTypeFieldUuid":"48912b96-b4f6-41eb-9e88-4ec9c4700419","relationshipOperator":"1","joinTableSourceField":"","joinTableTargetField":""}</relationshipData>
      <updateBehavior>NON_CASCADING</updateBehavior>
    </a:recordRelationshipCfg>
    <a:recordTypeSearchCfg>
      <searchFieldsSrc>DEFAULT</searchFieldsSrc>
      <placeholderSrc>DEFAULT</placeholderSrc>
      <placeholder/>
    </a:recordTypeSearchCfg>
    <a:iconId/>
    <a:listAutoRefreshInterval>0.0</a:listAutoRefreshInterval>
    <a:sourceConfiguration>
      <sourceUuid>NSM_SCRIPT_TEXT@jdbc/appianbusiness</sourceUuid>
      <sourceType>RDBMS_TABLE</sourceType>
      <sourceSubType>NONE</sourceSubType>
      <friendlyName>NSM_SCRIPT_TEXT</friendlyName>
      <sourceFilterExpr>#"SYSTEM_SYSRULES_queryLogicalExpression"(
  operator: "AND",
  filters: {
    #"SYSTEM_SYSRULES_queryFilter"(
      field: "IS_ACTIVE",
      operator: "=",
      value: true
    )
  },
  ignoreFiltersWithEmptyValues: true
)</sourceFilterExpr>
      <field>
        <uuid>e9808813-54d8-4387-8446-5113aed5d605</uuid>
        <type>{http://www.appian.com/ae/types/2009}Integer</type>
        <sourceFieldName>ID</sourceFieldName>
        <sourceFieldType>INTEGER</sourceFieldType>
        <fieldName>id</fieldName>
        <isRecordId>true</isRecordId>
        <isUnique>true</isUnique>
        <isCustomField>false</isCustomField>
        <customFieldExpr/>
        <customFieldDefaultValueStr>null</customFieldDefaultValueStr>
        <fieldCalculationType>NA</fieldCalculationType>
        <fieldTemplateType>NA</fieldTemplateType>
        <isRollingSyncSortField>true</isRollingSyncSortField>
      </field>
      <field>
        <uuid>ad842d7c-0e41-491c-bc12-45eaadd66200</uuid>
        <type>{http://www.appian.com/ae/types/2009}Integer</type>
        <sourceFieldName>SCRIPT_DETAILS_ID</sourceFieldName>
        <sourceFieldType>INTEGER</sourceFieldType>
        <fieldName>scriptDetailsId</fieldName>
        <isRecordId>false</isRecordId>
        <isUnique>false</isUnique>
        <isCustomField>false</isCustomField>
        <customFieldExpr/>
        <customFieldDefaultValueStr>null</customFieldDefaultValueStr>
        <fieldCalculationType>NA</fieldCalculationType>
        <fieldTemplateType>NA</fieldTemplateType>
        <isRollingSyncSortField>false</isRollingSyncSortField>
      </field>
      <field>
        <uuid>0457e5c1-dfa6-4c6b-9661-8ee4522c08eb</uuid>
        <type>{http://www.appian.com/ae/types/2009}Text</type>
        <sourceFieldName>SCRIPT</sourceFieldName>
        <sourceFieldType>VARCHAR(4000)</sourceFieldType>
        <fieldName>script</fieldName>
        <isRecordId>false</isRecordId>
        <isUnique>false</isUnique>
        <isCustomField>false</isCustomField>
        <customFieldExpr/>
        <customFieldDefaultValueStr>null</customFieldDefaultValueStr>
        <fieldCalculationType>NA</fieldCalculationType>
        <fieldTemplateType>NA</fieldTemplateType>
        <isRollingSyncSortField>false</isRollingSyncSortField>
      </field>
      <field>
        <uuid>96f92ef1-e727-4829-99d4-7c8acc6538fb</uuid>
        <type>{http://www.appian.com/ae/types/2009}Boolean</type>
        <sourceFieldName>IS_ACTIVE</sourceFieldName>
        <sourceFieldType>BIT</sourceFieldType>
        <fieldName>isActive</fieldName>
        <isRecordId>false</isRecordId>
        <isUnique>false</isUnique>
        <isCustomField>false</isCustomField>
        <customFieldExpr/>
        <customFieldDefaultValueStr>null</customFieldDefaultValueStr>
        <fieldCalculationType>NA</fieldCalculationType>
        <fieldTemplateType>NA</fieldTemplateType>
        <isRollingSyncSortField>false</isRollingSyncSortField>
      </field>
      <field>
        <uuid>6807487a-2dc2-4195-b8ef-3cd25475ffef</uuid>
        <type>{http://www.appian.com/ae/types/2009}Integer</type>
        <sourceFieldName/>
        <sourceFieldType/>
        <fieldName>lengthOfScript</fieldName>
        <isRecordId>false</isRecordId>
        <isUnique>false</isUnique>
        <isCustomField>true</isCustomField>
        <customFieldExpr>len(
  rv!record[#"urn:appian:record-field:v1:bf866fb9-5fee-40e1-9757-70ff9824be34/0457e5c1-dfa6-4c6b-9661-8ee4522c08eb"]
)</customFieldExpr>
        <customFieldDefaultValueStr>0</customFieldDefaultValueStr>
        <fieldCalculationType>WRITE_TIME</fieldCalculationType>
        <fieldTemplateType>NA</fieldTemplateType>
        <isRollingSyncSortField>false</isRollingSyncSortField>
      </field>
      <uuid>b5ce180a-60fb-43cf-9c52-5eed73747318</uuid>
      <refreshSchedule>
        <frequency>DAILY</frequency>
        <value>{"hour":3,"minute":"00","amPM":"AM","timeZone":"Asia/Kolkata"}</value>
        <activated>true</activated>
      </refreshSchedule>
      <skipFailureEnabled>true</skipFailureEnabled>
      <recordIdGeneratorUuid/>
    </a:sourceConfiguration>
    <a:enabledFeatures>255</a:enabledFeatures>
    <a:isVisibleInRecordTypeList>false</a:isVisibleInRecordTypeList>
    <a:recordActionLaunchType>DIALOG</a:recordActionLaunchType>
    <a:showSearchBox>true</a:showSearchBox>
    <a:isVisibleInDataFabric>false</a:isVisibleInDataFabric>
    <a:usesRollingSyncLimit>true</a:usesRollingSyncLimit>
  </recordType>
  <roleMap>
    <role name="record_type_administrator">
      <users/>
      <groups>
        <groupUuid>4a801333-73ef-4c23-88f7-d4ef86b4362d</groupUuid>
      </groups>
    </role>
    <role name="record_type_viewer">
      <users/>
      <groups>
        <groupUuid>7da45a61-fcbf-43b5-8db4-4a5c0739b8f9</groupUuid>
      </groups>
    </role>
  </roleMap>
  <history>
    <historyInfo versionUuid="0cadfce3-ada4-4650-8e06-3a4fa3ce6ba6"/>
  </history>
  <migrationVersion>1</migrationVersion>
</recordTypeHaul>
