<?xml version="1.0" encoding="UTF-8"?>
<recordTypeHaul xmlns:a="http://www.appian.com/ae/types/2009" xmlns:xsi="http://www.w3.org/2001/XMLSchema-instance">
  <versionUuid>2e9d8c89-5b29-40b4-a4e7-a59feb7845a1</versionUuid>
  <recordType a:uuid="dc989bd8-cdfa-4ab9-8df8-b0eddb56a0d0" name="NSM Application Lookup">
    <a:pluralName>Application Lookups</a:pluralName>
    <a:description>Contains all Application Details</a:description>
    <a:urlStub>4S3hPQ</a:urlStub>
    <a:source xsi:type="a:RecordsReplica"/>
    <a:listViewTemplateExpr>#"SYSTEM_SYSRULES_recordGridField"(
  columns: {
    #"SYSTEM_SYSRULES_gridColumn"(
      label: "Id",
      sortField: #"urn:appian:record-field:v1:dc989bd8-cdfa-4ab9-8df8-b0eddb56a0d0/997fe243-d83a-477a-be95-3b7e4747b1e8",
      value: fv!row[#"urn:appian:record-field:v1:dc989bd8-cdfa-4ab9-8df8-b0eddb56a0d0/997fe243-d83a-477a-be95-3b7e4747b1e8"],
      align: "END"
    ),
    #"SYSTEM_SYSRULES_gridColumn"(
      label: "Application Name",
      sortField: #"urn:appian:record-field:v1:dc989bd8-cdfa-4ab9-8df8-b0eddb56a0d0/c0853c09-c935-48ba-ad37-2e8a188da7f6",
      value: #"SYSTEM_SYSRULES_linkField"(
        links: {
          #"SYSTEM_SYSRULES_recordLink"(
            label: fv!row[#"urn:appian:record-field:v1:dc989bd8-cdfa-4ab9-8df8-b0eddb56a0d0/c0853c09-c935-48ba-ad37-2e8a188da7f6"],
            recordType: #"urn:appian:record-type:v1:dc989bd8-cdfa-4ab9-8df8-b0eddb56a0d0",
            identifier: fv!identifier
          )
        }
      )
    ),
    #"SYSTEM_SYSRULES_gridColumn"(
      label: "Created By User",
      sortField: #"urn:appian:record-field:v1:dc989bd8-cdfa-4ab9-8df8-b0eddb56a0d0/2cf2c528-e091-4966-81c2-dad7fd879a24/SYSTEM_RECORD_TYPE_USER_FIELD_username",
      value: fv!row[#"urn:appian:record-field:v1:dc989bd8-cdfa-4ab9-8df8-b0eddb56a0d0/2cf2c528-e091-4966-81c2-dad7fd879a24/SYSTEM_RECORD_TYPE_USER_FIELD_username"]
    ),
    #"SYSTEM_SYSRULES_gridColumn"(
      label: "Created On",
      sortField: #"urn:appian:record-field:v1:dc989bd8-cdfa-4ab9-8df8-b0eddb56a0d0/1756408b-0e2b-4467-befa-a167b58f0664",
      value: if(
      isnull(fv!row[#"urn:appian:record-field:v1:dc989bd8-cdfa-4ab9-8df8-b0eddb56a0d0/1756408b-0e2b-4467-befa-a167b58f0664"]),
      fv!row[#"urn:appian:record-field:v1:dc989bd8-cdfa-4ab9-8df8-b0eddb56a0d0/1756408b-0e2b-4467-befa-a167b58f0664"],
      datetext(fv!row[#"urn:appian:record-field:v1:dc989bd8-cdfa-4ab9-8df8-b0eddb56a0d0/1756408b-0e2b-4467-befa-a167b58f0664"], "default")
      ),
      align: "END"
    ),
    #"SYSTEM_SYSRULES_gridColumn"(
      label: "Is Active",
      sortField: #"urn:appian:record-field:v1:dc989bd8-cdfa-4ab9-8df8-b0eddb56a0d0/049e07f1-eead-438e-b3a8-8daf92a2d8e4",
      value: fv!row[#"urn:appian:record-field:v1:dc989bd8-cdfa-4ab9-8df8-b0eddb56a0d0/049e07f1-eead-438e-b3a8-8daf92a2d8e4"]
    )
  },
  pageSize: 50,
  shadeAlternateRows: true
)</a:listViewTemplateExpr>
    <a:detailViewCfg>
      <a:nameExpr>#"SYSTEM_SYSRULES_rtd_getDefaultSummaryViewName"()</a:nameExpr>
      <a:uiExpr/>
      <a:visibilityExpr>=true()</a:visibilityExpr>
      <a:urlStub>summary</a:urlStub>
      <a:headerExpr/>
      <a:recordActionLaunchType>DIALOG</a:recordActionLaunchType>
      <a:recordUiSecurityType>EXPRESSION</a:recordUiSecurityType>
    </a:detailViewCfg>
    <a:relatedActionCfg a:uuid="7d6bc555-5de4-472e-a7d8-fd4b2af57e9e">
      <a:target a:uuid="38a39b58-616b-4bba-ab74-70bcf66f4e0b" xsi:type="a:ProcessModel"/>
      <a:contextExpr>{
  record: #"ef41acac-d948-48e9-9585-16bc6d3fc748"(id: rv!identifier),
  cancel: false(),
  isUpdate: true()
}</a:contextExpr>
      <a:visibilityExpr/>
      <a:iconId>f044</a:iconId>
      <a:refId>refId-7d6bc555-5de4-472e-a7d8-fd4b2af57e9e</a:refId>
      <a:staticTitleString>Edit</a:staticTitleString>
      <a:staticDescriptionString>Action to update a Application Lookup</a:staticDescriptionString>
      <a:referenceKey>updateApplicationLookup</a:referenceKey>
      <a:dialogSize>LARGE</a:dialogSize>
      <a:showInRecordList>false</a:showInRecordList>
      <a:recordUiSecurityType>GUIDED</a:recordUiSecurityType>
      <a:securityCfg>
        <a:membershipFilter>{"type":"MEMBERSHIP_ALL","config":{"#v":[],"#t":"Variant?list"},"#t":"RecordRowLevelSecurityMembershipFilter"}</a:membershipFilter>
        <a:dataFilter>{"type":"ALLOW_ALL","config":{"#v":[],"#t":"Variant?list"},"#t":"RecordRowLevelSecurityDataFilter"}</a:dataFilter>
      </a:securityCfg>
    </a:relatedActionCfg>
    <a:isSystem>false</a:isSystem>
    <a:dataSrcExpr/>
    <a:facetsListExpr/>
    <a:titleExpr>rv!record[#"urn:appian:record-field:v1:dc989bd8-cdfa-4ab9-8df8-b0eddb56a0d0/c0853c09-c935-48ba-ad37-2e8a188da7f6"]</a:titleExpr>
    <a:defaultFiltersExpr/>
    <a:layoutType>GRID</a:layoutType>
    <a:security>16383</a:security>
    <a:hideLatestNews>false</a:hideLatestNews>
    <a:hideNewsView>false</a:hideNewsView>
    <a:hideRelatedActionsView>false</a:hideRelatedActionsView>
    <a:isExportable>true</a:isExportable>
    <a:listViewSrcExpr/>
    <a:recordViewSrcExpr/>
    <a:recordListActionCfg a:uuid="462c00a5-3a36-4202-a930-ae942a9c5c38">
      <a:staticTitle>New Application</a:staticTitle>
      <a:staticDescription>Action to create a new Application Lookup</a:staticDescription>
      <a:iconId>f067</a:iconId>
      <a:target a:uuid="38a39b58-616b-4bba-ab74-70bcf66f4e0b" xsi:type="a:ProcessModel"/>
      <a:visibilityExpr/>
      <a:referenceKey>newApplicationLookup</a:referenceKey>
      <a:dialogSize>LARGE</a:dialogSize>
      <a:showInRecordList>true</a:showInRecordList>
      <a:recordUiSecurityType>GUIDED</a:recordUiSecurityType>
      <a:securityCfg>
        <a:membershipFilter>{"type":"MEMBERSHIP_ALL","config":{"#v":[],"#t":"Variant?list"},"#t":"RecordRowLevelSecurityMembershipFilter"}</a:membershipFilter>
        <a:dataFilter>{"type":"ALLOW_ALL","config":{"#v":[],"#t":"Variant?list"},"#t":"RecordRowLevelSecurityDataFilter"}</a:dataFilter>
      </a:securityCfg>
    </a:recordListActionCfg>
    <a:recordRelationshipCfg>
      <uuid>2cf2c528-e091-4966-81c2-dad7fd879a24</uuid>
      <relationshipName>createdByUser</relationshipName>
      <targetRecordTypeUuid>SYSTEM_RECORD_TYPE_USER</targetRecordTypeUuid>
      <relationshipType>MANY_TO_ONE</relationshipType>
      <relationshipData>{"sourceRecordTypeFieldUuid":"519d02dc-7ab6-4b71-8f5c-2d1d8fec3b3f","targetRecordTypeFieldUuid":"SYSTEM_RECORD_TYPE_USER_FIELD_username","relationshipOperator":"1","joinTableSourceField":"","joinTableTargetField":""}</relationshipData>
      <updateBehavior>NON_CASCADING</updateBehavior>
    </a:recordRelationshipCfg>
    <a:recordRelationshipCfg>
      <uuid>3b93360f-d6d6-433e-b836-da3dadab8c39</uuid>
      <relationshipName>nsmScriptDetails</relationshipName>
      <targetRecordTypeUuid>578f4330-78de-41cd-a986-e8cbefffae7f</targetRecordTypeUuid>
      <relationshipType>ONE_TO_MANY</relationshipType>
      <relationshipData>{"sourceRecordTypeFieldUuid":"997fe243-d83a-477a-be95-3b7e4747b1e8","targetRecordTypeFieldUuid":"f1556e9e-9c73-41e6-840d-e54db703fa27","relationshipOperator":"1","joinTableSourceField":"","joinTableTargetField":""}</relationshipData>
      <updateBehavior>CASCADING</updateBehavior>
    </a:recordRelationshipCfg>
    <a:recordRelationshipCfg>
      <uuid>649fea45-7be4-4b4b-ac02-8f408eb94f0e</uuid>
      <relationshipName>nsmConfApplicationUsers</relationshipName>
      <targetRecordTypeUuid>3df44867-65a7-4046-9dd8-9fdf2bfb827c</targetRecordTypeUuid>
      <relationshipType>ONE_TO_MANY</relationshipType>
      <relationshipData>{"sourceRecordTypeFieldUuid":"997fe243-d83a-477a-be95-3b7e4747b1e8","targetRecordTypeFieldUuid":"4bf3410f-5286-4104-9393-1f323159f750","relationshipOperator":"1","joinTableSourceField":"","joinTableTargetField":""}</relationshipData>
      <updateBehavior>CASCADING</updateBehavior>
    </a:recordRelationshipCfg>
    <a:recordTypeSearchCfg>
      <searchFieldsSrc>DEFAULT</searchFieldsSrc>
      <placeholderSrc>DEFAULT</placeholderSrc>
      <placeholder/>
    </a:recordTypeSearchCfg>
    <a:iconId/>
    <a:listAutoRefreshInterval>0.0</a:listAutoRefreshInterval>
    <a:sourceConfiguration>
      <sourceUuid>NSM_APPLICATION_LOOKUP@jdbc/appianbusiness</sourceUuid>
      <sourceType>RDBMS_TABLE</sourceType>
      <sourceSubType>NONE</sourceSubType>
      <friendlyName>NSM_APPLICATION_LOOKUP</friendlyName>
      <sourceFilterExpr/>
      <field>
        <uuid>997fe243-d83a-477a-be95-3b7e4747b1e8</uuid>
        <type>{http://www.appian.com/ae/types/2009}Integer</type>
        <sourceFieldName>ID</sourceFieldName>
        <sourceFieldType>INTEGER</sourceFieldType>
        <fieldName>id</fieldName>
        <isRecordId>true</isRecordId>
        <isUnique>true</isUnique>
        <isCustomField>false</isCustomField>
        <customFieldExpr/>
        <customFieldDefaultValueStr>null</customFieldDefaultValueStr>
        <fieldCalculationType>NA</fieldCalculationType>
        <fieldTemplateType>NA</fieldTemplateType>
        <isRollingSyncSortField>false</isRollingSyncSortField>
      </field>
      <field>
        <uuid>c0853c09-c935-48ba-ad37-2e8a188da7f6</uuid>
        <type>{http://www.appian.com/ae/types/2009}Text</type>
        <sourceFieldName>APPLICATION_NAME</sourceFieldName>
        <sourceFieldType>VARCHAR</sourceFieldType>
        <fieldName>applicationName</fieldName>
        <isRecordId>false</isRecordId>
        <isUnique>false</isUnique>
        <isCustomField>false</isCustomField>
        <customFieldExpr/>
        <customFieldDefaultValueStr>null</customFieldDefaultValueStr>
        <fieldCalculationType>NA</fieldCalculationType>
        <fieldTemplateType>NA</fieldTemplateType>
        <isRollingSyncSortField>false</isRollingSyncSortField>
      </field>
      <field>
        <uuid>519d02dc-7ab6-4b71-8f5c-2d1d8fec3b3f</uuid>
        <type>{http://www.appian.com/ae/types/2009}User</type>
        <sourceFieldName>CREATED_BY</sourceFieldName>
        <sourceFieldType>VARCHAR(255)</sourceFieldType>
        <fieldName>createdBy</fieldName>
        <isRecordId>false</isRecordId>
        <isUnique>false</isUnique>
        <isCustomField>false</isCustomField>
        <customFieldExpr/>
        <customFieldDefaultValueStr>null</customFieldDefaultValueStr>
        <fieldCalculationType>NA</fieldCalculationType>
        <fieldTemplateType>NA</fieldTemplateType>
        <isRollingSyncSortField>false</isRollingSyncSortField>
      </field>
      <field>
        <uuid>1756408b-0e2b-4467-befa-a167b58f0664</uuid>
        <type>{http://www.appian.com/ae/types/2009}Datetime</type>
        <sourceFieldName>CREATED_ON</sourceFieldName>
        <sourceFieldType>TIMESTAMP</sourceFieldType>
        <fieldName>createdOn</fieldName>
        <isRecordId>false</isRecordId>
        <isUnique>false</isUnique>
        <isCustomField>false</isCustomField>
        <customFieldExpr/>
        <customFieldDefaultValueStr>null</customFieldDefaultValueStr>
        <fieldCalculationType>NA</fieldCalculationType>
        <fieldTemplateType>NA</fieldTemplateType>
        <isRollingSyncSortField>false</isRollingSyncSortField>
      </field>
      <field>
        <uuid>049e07f1-eead-438e-b3a8-8daf92a2d8e4</uuid>
        <type>{http://www.appian.com/ae/types/2009}Boolean</type>
        <sourceFieldName>IS_ACTIVE</sourceFieldName>
        <sourceFieldType>BIT</sourceFieldType>
        <fieldName>isActive</fieldName>
        <isRecordId>false</isRecordId>
        <isUnique>false</isUnique>
        <isCustomField>false</isCustomField>
        <customFieldExpr/>
        <customFieldDefaultValueStr>null</customFieldDefaultValueStr>
        <fieldCalculationType>NA</fieldCalculationType>
        <fieldTemplateType>NA</fieldTemplateType>
        <isRollingSyncSortField>false</isRollingSyncSortField>
      </field>
      <uuid>9ebd170c-1eed-4432-bd5e-ecc6ed767172</uuid>
      <refreshSchedule>
        <frequency>DAILY</frequency>
        <value>{"hour":3,"minute":"00","amPM":"AM","timeZone":"Asia/Kolkata"}</value>
        <activated>true</activated>
      </refreshSchedule>
      <skipFailureEnabled>true</skipFailureEnabled>
      <recordIdGeneratorUuid/>
    </a:sourceConfiguration>
    <a:enabledFeatures>255</a:enabledFeatures>
    <a:isVisibleInRecordTypeList>false</a:isVisibleInRecordTypeList>
    <a:recordActionLaunchType>DIALOG</a:recordActionLaunchType>
    <a:showSearchBox>true</a:showSearchBox>
    <a:isVisibleInDataFabric>false</a:isVisibleInDataFabric>
    <a:usesRollingSyncLimit>false</a:usesRollingSyncLimit>
  </recordType>
  <roleMap>
    <role name="record_type_administrator">
      <users/>
      <groups>
        <groupUuid>4a801333-73ef-4c23-88f7-d4ef86b4362d</groupUuid>
      </groups>
    </role>
    <role name="record_type_viewer">
      <users/>
      <groups>
        <groupUuid>7da45a61-fcbf-43b5-8db4-4a5c0739b8f9</groupUuid>
      </groups>
    </role>
  </roleMap>
  <history>
    <historyInfo versionUuid="480702ec-eaf2-4472-9954-1bf2e0457d33"/>
    <historyInfo versionUuid="baa1c57f-4137-45f9-bb84-4b54c5e0e1e5"/>
    <historyInfo versionUuid="41a3b4eb-cebf-4d88-9f6d-60bf8e468a46"/>
    <historyInfo versionUuid="a55bb4b0-078d-41c0-9707-a38dc4e65732"/>
    <historyInfo versionUuid="86a045e3-5d7a-4ac5-82af-f55fb788b689"/>
    <historyInfo versionUuid="11dd32d4-c2b4-4ed7-9fd0-d077cb589db1"/>
    <historyInfo versionUuid="2e9d8c89-5b29-40b4-a4e7-a59feb7845a1"/>
  </history>
  <migrationVersion>1</migrationVersion>
</recordTypeHaul>
