<?xml version="1.0" encoding="UTF-8"?>
<recordTypeHaul xmlns:a="http://www.appian.com/ae/types/2009" xmlns:xsi="http://www.w3.org/2001/XMLSchema-instance">
  <versionUuid>9fe5dab6-4825-4f3d-8bba-45c9edcd082f</versionUuid>
  <recordType a:uuid="e4e37095-a19b-442d-8cc0-eb9d064afc4f" name="NSM Script Details Event History">
    <a:pluralName>NSM Script Details Event History</a:pluralName>
    <a:description>Business events for Script Details</a:description>
    <a:urlStub>t9EJ1A</a:urlStub>
    <a:source xsi:type="a:RecordsReplica"/>
    <a:listViewTemplateExpr>#"SYSTEM_SYSRULES_recordGridField"(
    columns: {
        #"SYSTEM_SYSRULES_gridColumn"(
          label: "Id",
          sortField: #"urn:appian:record-field:v1:e4e37095-a19b-442d-8cc0-eb9d064afc4f/ef74585d-fc83-4e5e-800c-73c96da3321f",
          value: fv!row[#"urn:appian:record-field:v1:e4e37095-a19b-442d-8cc0-eb9d064afc4f/ef74585d-fc83-4e5e-800c-73c96da3321f"],
          align: "END"
        ),
        #"SYSTEM_SYSRULES_gridColumn"(
          label: "scriptDetails",
          sortField: #"urn:appian:record-field:v1:e4e37095-a19b-442d-8cc0-eb9d064afc4f/75b3c4b5-1f4d-4f49-9944-2cce5f42c330/48912b96-b4f6-41eb-9e88-4ec9c4700419",
          value: #"SYSTEM_SYSRULES_linkField"(
            links: {
              #"SYSTEM_SYSRULES_recordLink"(
                label: fv!row[#"urn:appian:record-field:v1:e4e37095-a19b-442d-8cc0-eb9d064afc4f/75b3c4b5-1f4d-4f49-9944-2cce5f42c330/48912b96-b4f6-41eb-9e88-4ec9c4700419"],
                recordType: #"urn:appian:record-type:v1:e4e37095-a19b-442d-8cc0-eb9d064afc4f",
                identifier: fv!identifier
              )
            }
          ),
          align: "END"
        ),
        #"SYSTEM_SYSRULES_gridColumn"(
          label: "eventType",
          sortField: #"urn:appian:record-field:v1:e4e37095-a19b-442d-8cc0-eb9d064afc4f/5447d93d-9eb7-4274-a78e-fe6e77f4d169/9f23b01b-be50-4c6c-b0c1-f05226fc574b",
          value: fv!row[#"urn:appian:record-field:v1:e4e37095-a19b-442d-8cc0-eb9d064afc4f/5447d93d-9eb7-4274-a78e-fe6e77f4d169/9f23b01b-be50-4c6c-b0c1-f05226fc574b"],
          align: "END"
        ),
        #"SYSTEM_SYSRULES_gridColumn"(
          label: "eventUser",
          sortField: #"urn:appian:record-field:v1:e4e37095-a19b-442d-8cc0-eb9d064afc4f/1089e8e3-d597-467d-b4a1-74a7af8a0c13/SYSTEM_RECORD_TYPE_USER_FIELD_username",
          value: fv!row[#"urn:appian:record-field:v1:e4e37095-a19b-442d-8cc0-eb9d064afc4f/1089e8e3-d597-467d-b4a1-74a7af8a0c13/SYSTEM_RECORD_TYPE_USER_FIELD_username"]
        ),
        #"SYSTEM_SYSRULES_gridColumn"(
          label: "Automation Type Id",
          sortField: #"urn:appian:record-field:v1:e4e37095-a19b-442d-8cc0-eb9d064afc4f/e8d5ff92-3b4c-4171-8746-60e85f96f019",
          value: fv!row[#"urn:appian:record-field:v1:e4e37095-a19b-442d-8cc0-eb9d064afc4f/e8d5ff92-3b4c-4171-8746-60e85f96f019"],
          align: "END"
        ),
        #"SYSTEM_SYSRULES_gridColumn"(
          label: "Timestamp",
          sortField: #"urn:appian:record-field:v1:e4e37095-a19b-442d-8cc0-eb9d064afc4f/4f4a0323-0bbe-4d1c-8ca2-1f91bf520870",
          value: if(
            isnull(fv!row[#"urn:appian:record-field:v1:e4e37095-a19b-442d-8cc0-eb9d064afc4f/4f4a0323-0bbe-4d1c-8ca2-1f91bf520870"]),
            fv!row[#"urn:appian:record-field:v1:e4e37095-a19b-442d-8cc0-eb9d064afc4f/4f4a0323-0bbe-4d1c-8ca2-1f91bf520870"],
            datetext(fv!row[#"urn:appian:record-field:v1:e4e37095-a19b-442d-8cc0-eb9d064afc4f/4f4a0323-0bbe-4d1c-8ca2-1f91bf520870"], "default")
          ),
          align: "END"
        )
      },
      pageSize: 50,
      shadeAlternateRows: true
    )</a:listViewTemplateExpr>
    <a:detailViewCfg>
      <a:nameExpr>#"SYSTEM_SYSRULES_rtd_getDefaultSummaryViewName"()</a:nameExpr>
      <a:uiExpr/>
      <a:visibilityExpr>=true()</a:visibilityExpr>
      <a:urlStub>summary</a:urlStub>
      <a:headerExpr/>
      <a:recordActionLaunchType>DIALOG</a:recordActionLaunchType>
      <a:recordUiSecurityType>EXPRESSION</a:recordUiSecurityType>
    </a:detailViewCfg>
    <a:isSystem>false</a:isSystem>
    <a:dataSrcExpr/>
    <a:facetsListExpr/>
    <a:titleExpr>rv!record[#"urn:appian:record-field:v1:e4e37095-a19b-442d-8cc0-eb9d064afc4f/ef74585d-fc83-4e5e-800c-73c96da3321f"]</a:titleExpr>
    <a:defaultFiltersExpr/>
    <a:layoutType>GRID</a:layoutType>
    <a:security>16383</a:security>
    <a:hideLatestNews>false</a:hideLatestNews>
    <a:hideNewsView>false</a:hideNewsView>
    <a:hideRelatedActionsView>false</a:hideRelatedActionsView>
    <a:isExportable>true</a:isExportable>
    <a:listViewSrcExpr/>
    <a:recordViewSrcExpr/>
    <a:recordRelationshipCfg>
      <uuid>75b3c4b5-1f4d-4f49-9944-2cce5f42c330</uuid>
      <relationshipName>scriptDetails</relationshipName>
      <targetRecordTypeUuid>578f4330-78de-41cd-a986-e8cbefffae7f</targetRecordTypeUuid>
      <relationshipType>MANY_TO_ONE</relationshipType>
      <relationshipData>{"sourceRecordTypeFieldUuid":"adbe1017-9d9d-47c5-bb62-27df4e6a2708","targetRecordTypeFieldUuid":"48912b96-b4f6-41eb-9e88-4ec9c4700419","relationshipOperator":"1","joinTableSourceField":"","joinTableTargetField":""}</relationshipData>
      <updateBehavior>NON_CASCADING</updateBehavior>
    </a:recordRelationshipCfg>
    <a:recordRelationshipCfg>
      <uuid>1089e8e3-d597-467d-b4a1-74a7af8a0c13</uuid>
      <relationshipName>eventUser</relationshipName>
      <targetRecordTypeUuid>SYSTEM_RECORD_TYPE_USER</targetRecordTypeUuid>
      <relationshipType>MANY_TO_ONE</relationshipType>
      <relationshipData>{"sourceRecordTypeFieldUuid":"d9b3800f-6632-4d8c-94f7-0214205e2488","targetRecordTypeFieldUuid":"SYSTEM_RECORD_TYPE_USER_FIELD_username","relationshipOperator":"1","joinTableSourceField":"","joinTableTargetField":""}</relationshipData>
      <updateBehavior>NON_CASCADING</updateBehavior>
    </a:recordRelationshipCfg>
    <a:recordRelationshipCfg>
      <uuid>5447d93d-9eb7-4274-a78e-fe6e77f4d169</uuid>
      <relationshipName>eventType</relationshipName>
      <targetRecordTypeUuid>045d6ea6-697a-4e70-89a4-db22446cb456</targetRecordTypeUuid>
      <relationshipType>MANY_TO_ONE</relationshipType>
      <relationshipData>{"sourceRecordTypeFieldUuid":"e5874454-3e06-4826-bde2-6faf2d0d7033","targetRecordTypeFieldUuid":"9f23b01b-be50-4c6c-b0c1-f05226fc574b","relationshipOperator":"1","joinTableSourceField":"","joinTableTargetField":""}</relationshipData>
      <updateBehavior>NON_CASCADING</updateBehavior>
    </a:recordRelationshipCfg>
    <a:recordTypeSearchCfg>
      <searchFieldsSrc>DEFAULT</searchFieldsSrc>
      <placeholderSrc>DEFAULT</placeholderSrc>
      <placeholder/>
    </a:recordTypeSearchCfg>
    <a:iconId/>
    <a:listAutoRefreshInterval>0.0</a:listAutoRefreshInterval>
    <a:sourceConfiguration>
      <sourceUuid>NSM_SCRIPT_DETAILS_EVENT_HISTORY@jdbc/appianbusiness</sourceUuid>
      <sourceType>RDBMS_TABLE</sourceType>
      <sourceSubType>NONE</sourceSubType>
      <friendlyName>NSM_SCRIPT_DETAILS_EVENT_HISTORY</friendlyName>
      <sourceFilterExpr/>
      <field>
        <uuid>ef74585d-fc83-4e5e-800c-73c96da3321f</uuid>
        <type>{http://www.appian.com/ae/types/2009}Integer</type>
        <sourceFieldName>ID</sourceFieldName>
        <sourceFieldType>INTEGER</sourceFieldType>
        <fieldName>id</fieldName>
        <isRecordId>true</isRecordId>
        <isUnique>true</isUnique>
        <isCustomField>false</isCustomField>
        <customFieldExpr/>
        <customFieldDefaultValueStr>null</customFieldDefaultValueStr>
        <fieldCalculationType>NA</fieldCalculationType>
        <fieldTemplateType>NA</fieldTemplateType>
        <isRollingSyncSortField>true</isRollingSyncSortField>
      </field>
      <field>
        <uuid>adbe1017-9d9d-47c5-bb62-27df4e6a2708</uuid>
        <type>{http://www.appian.com/ae/types/2009}Integer</type>
        <sourceFieldName>RECORD_ID</sourceFieldName>
        <sourceFieldType>INTEGER</sourceFieldType>
        <fieldName>recordId</fieldName>
        <isRecordId>false</isRecordId>
        <isUnique>false</isUnique>
        <isCustomField>false</isCustomField>
        <customFieldExpr/>
        <customFieldDefaultValueStr>null</customFieldDefaultValueStr>
        <fieldCalculationType>NA</fieldCalculationType>
        <fieldTemplateType>NA</fieldTemplateType>
        <isRollingSyncSortField>false</isRollingSyncSortField>
      </field>
      <field>
        <uuid>e5874454-3e06-4826-bde2-6faf2d0d7033</uuid>
        <type>{http://www.appian.com/ae/types/2009}Integer</type>
        <sourceFieldName>EVENT_TYPE_ID</sourceFieldName>
        <sourceFieldType>INTEGER</sourceFieldType>
        <fieldName>eventTypeId</fieldName>
        <isRecordId>false</isRecordId>
        <isUnique>false</isUnique>
        <isCustomField>false</isCustomField>
        <customFieldExpr/>
        <customFieldDefaultValueStr>null</customFieldDefaultValueStr>
        <fieldCalculationType>NA</fieldCalculationType>
        <fieldTemplateType>NA</fieldTemplateType>
        <isRollingSyncSortField>false</isRollingSyncSortField>
      </field>
      <field>
        <uuid>d9b3800f-6632-4d8c-94f7-0214205e2488</uuid>
        <type>{http://www.appian.com/ae/types/2009}User</type>
        <sourceFieldName>USER</sourceFieldName>
        <sourceFieldType>VARCHAR(255)</sourceFieldType>
        <fieldName>user</fieldName>
        <isRecordId>false</isRecordId>
        <isUnique>false</isUnique>
        <isCustomField>false</isCustomField>
        <customFieldExpr/>
        <customFieldDefaultValueStr>null</customFieldDefaultValueStr>
        <fieldCalculationType>NA</fieldCalculationType>
        <fieldTemplateType>NA</fieldTemplateType>
        <isRollingSyncSortField>false</isRollingSyncSortField>
      </field>
      <field>
        <uuid>e8d5ff92-3b4c-4171-8746-60e85f96f019</uuid>
        <type>{http://www.appian.com/ae/types/2009}Integer</type>
        <sourceFieldName>AUTOMATION_TYPE_ID</sourceFieldName>
        <sourceFieldType>INTEGER</sourceFieldType>
        <fieldName>automationTypeId</fieldName>
        <isRecordId>false</isRecordId>
        <isUnique>false</isUnique>
        <isCustomField>false</isCustomField>
        <customFieldExpr/>
        <customFieldDefaultValueStr>null</customFieldDefaultValueStr>
        <fieldCalculationType>NA</fieldCalculationType>
        <fieldTemplateType>NA</fieldTemplateType>
        <isRollingSyncSortField>false</isRollingSyncSortField>
      </field>
      <field>
        <uuid>4f4a0323-0bbe-4d1c-8ca2-1f91bf520870</uuid>
        <type>{http://www.appian.com/ae/types/2009}Datetime</type>
        <sourceFieldName>TIMESTAMP</sourceFieldName>
        <sourceFieldType>TIMESTAMP</sourceFieldType>
        <fieldName>timestamp</fieldName>
        <isRecordId>false</isRecordId>
        <isUnique>false</isUnique>
        <isCustomField>false</isCustomField>
        <customFieldExpr/>
        <customFieldDefaultValueStr>null</customFieldDefaultValueStr>
        <fieldCalculationType>NA</fieldCalculationType>
        <fieldTemplateType>NA</fieldTemplateType>
        <isRollingSyncSortField>false</isRollingSyncSortField>
      </field>
      <uuid>53c37728-e8f7-4704-bfbf-4330c9e72090</uuid>
      <refreshSchedule>
        <frequency>DAILY</frequency>
        <value>{"hour":3,"minute":"00","amPM":"AM","timeZone":"Asia/Kolkata"}</value>
        <activated>true</activated>
      </refreshSchedule>
      <skipFailureEnabled>true</skipFailureEnabled>
      <recordIdGeneratorUuid/>
    </a:sourceConfiguration>
    <a:enabledFeatures>255</a:enabledFeatures>
    <a:isVisibleInRecordTypeList>false</a:isVisibleInRecordTypeList>
    <a:recordActionLaunchType>DIALOG</a:recordActionLaunchType>
    <a:showSearchBox>true</a:showSearchBox>
    <a:isVisibleInDataFabric>false</a:isVisibleInDataFabric>
    <a:usesRollingSyncLimit>true</a:usesRollingSyncLimit>
  </recordType>
  <roleMap>
    <role name="record_type_administrator">
      <users/>
      <groups>
        <groupUuid>4a801333-73ef-4c23-88f7-d4ef86b4362d</groupUuid>
      </groups>
    </role>
    <role name="record_type_viewer">
      <users/>
      <groups>
        <groupUuid>7da45a61-fcbf-43b5-8db4-4a5c0739b8f9</groupUuid>
      </groups>
    </role>
  </roleMap>
  <history>
    <historyInfo versionUuid="e4e37095-a19b-442d-8cc0-eb9d064afc4f"/>
    <historyInfo versionUuid="9fe5dab6-4825-4f3d-8bba-45c9edcd082f"/>
  </history>
  <migrationVersion>1</migrationVersion>
</recordTypeHaul>
