<?xml version="1.0" encoding="UTF-8"?>
<siteHaul xmlns:a="http://www.appian.com/ae/types/2009" xmlns:xsi="http://www.w3.org/2001/XMLSchema-instance">
  <versionUuid>1368fa19-4474-4a7a-94f7-1f806813347a</versionUuid>
  <site a:uuid="def2e606-6d81-496c-82c4-1ad968c07307" name="New Script Management">
    <description>Site for Script Management</description>
    <urlStub>new-script-management</urlStub>
    <page a:uuid="c3909923-221b-46a3-8813-61612635a5e1">
      <staticName>Scripts</staticName>
      <description/>
      <urlStub>all-scripts</urlStub>
      <uiObject a:uuid="578f4330-78de-41cd-a986-e8cbefffae7f" xsi:type="a:RecordType"/>
      <iconId>f0ca</iconId>
      <visibilityExpr>#"urn:appian:function:v1:a:isusermemberofgroup?okey=a!isUserMemberOfGroup"(
  loggedInUser(),
  #"_a-0000eb1a-e02c-8000-bab0-01ef9001ef90_547133"
)</visibilityExpr>
      <pageWidth>WIDE</pageWidth>
      <areUrlParamsEncrypted>true</areUrlParamsEncrypted>
      <autoContextUpdateEnabled>false</autoContextUpdateEnabled>
    </page>
    <page a:uuid="e25ae1a5-e307-4536-b378-66bb58a8c162">
      <staticName>Actions</staticName>
      <description/>
      <urlStub>actions</urlStub>
      <iconId>f1ea</iconId>
      <visibilityExpr>#"urn:appian:function:v1:a:isusermemberofgroup?okey=a!isUserMemberOfGroup"(loggedInUser(), #"_a-0000eb1a-e02c-8000-bab0-01ef9001ef90_547133")</visibilityExpr>
      <pageWidth>STANDARD</pageWidth>
      <page a:uuid="a9e4be64-fede-4ad9-9ae4-9768e5d8d0b1">
        <staticName>Export Scripts</staticName>
        <description/>
        <urlStub>export-scripts</urlStub>
        <uiObject
          a:uuid="_a-0000eb1a-e02c-8000-bab0-01ef9001ef90_546874" xsi:type="a:ContentFreeformRule"/>
        <iconId>f016</iconId>
        <visibilityExpr>fn!true()</visibilityExpr>
        <pageWidth>WIDE</pageWidth>
        <areUrlParamsEncrypted>true</areUrlParamsEncrypted>
        <autoContextUpdateEnabled>false</autoContextUpdateEnabled>
      </page>
      <page a:uuid="1dc01aa5-d8e6-4b40-a707-4695c0324587">
        <staticName>Application Configurations</staticName>
        <description/>
        <urlStub>application-configurations</urlStub>
        <uiObject
          a:uuid="_a-0000eb1a-e02c-8000-bab0-01ef9001ef90_547012" xsi:type="a:ContentFreeformRule"/>
        <iconId>f016</iconId>
        <visibilityExpr>#"urn:appian:function:v1:a:isusermemberofgroup?okey=a!isUserMemberOfGroup"(
  username: loggedInUser(),
  groups: #"_a-0000ebf9-1d05-8000-baba-01ef9001ef90_774613"
)</visibilityExpr>
        <pageWidth>WIDE</pageWidth>
        <areUrlParamsEncrypted>true</areUrlParamsEncrypted>
        <autoContextUpdateEnabled>false</autoContextUpdateEnabled>
      </page>
      <areUrlParamsEncrypted>true</areUrlParamsEncrypted>
      <autoContextUpdateEnabled>false</autoContextUpdateEnabled>
    </page>
    <visibility>268435456</visibility>
    <headerBackgroundColor>#333333</headerBackgroundColor>
    <selectedTabBackgroundColor>#FFA500</selectedTabBackgroundColor>
    <faviconRef a:uuid="SYSTEM_CONTENT_SITES_DEFAULT_FAVICON" xsi:type="a:CollaborationDocument"/>
    <logoRef a:uuid="_a-0000eb1a-e02c-8000-bab0-01ef9001ef90_547159" xsi:type="a:CollaborationDocument"/>
    <accentColor>#FF6347</accentColor>
    <showName>false</showName>
    <tempoLinkVisibility>HIDDEN</tempoLinkVisibility>
    <showRecordNews>false</showRecordNews>
    <tasksInSitesVisibility>HIDDEN</tasksInSitesVisibility>
    <buttonShape>ROUNDED</buttonShape>
    <loadingBarColor>#2ECC71</loadingBarColor>
    <navigationBarStyle>STYLE1</navigationBarStyle>
    <inputShape>SEMI_ROUNDED</inputShape>
    <isSystem>false</isSystem>
    <displayName>New Script Management</displayName>
    <isStaticDisplayName>true</isStaticDisplayName>
    <nameExprIsEvaluable>true</nameExprIsEvaluable>
    <primaryNavLayoutType>TOPBAR</primaryNavLayoutType>
  </site>
  <roleMap>
    <role name="site_administrator">
      <users/>
      <groups>
        <groupUuid>4a801333-73ef-4c23-88f7-d4ef86b4362d</groupUuid>
      </groups>
    </role>
    <role name="site_viewer">
      <users/>
      <groups>
        <groupUuid>7da45a61-fcbf-43b5-8db4-4a5c0739b8f9</groupUuid>
      </groups>
    </role>
  </roleMap>
  <history>
    <historyInfo versionUuid="c0fa8270-863c-4968-9f09-b05c9bceb42f"/>
    <historyInfo versionUuid="66df3a65-d048-4294-8400-dbc514bf2ce5"/>
    <historyInfo versionUuid="1368fa19-4474-4a7a-94f7-1f806813347a"/>
  </history>
</siteHaul>
