<?xml version="1.0" encoding="UTF-8" standalone="yes"?>
<contentHaul xmlns:a="http://www.appian.com/ae/types/2009">
    <versionUuid>_a-0000ebf9-1d05-8000-baba-01ef9001ef90_773729</versionUuid>
    <interface>
        <name>NSM_ScriptDetailsSummary</name>
        <uuid>180fbd81-cb52-4b03-b225-cce0de6d4e6c</uuid>
        <description>The interface used for your record view</description>
        <parentUuid>e5bc8257-9120-40df-b483-201633536c38</parentUuid>
        <visibility>
            <advertise>false</advertise>
            <hierarchy>true</hierarchy>
            <indexable>true</indexable>
            <quota>false</quota>
            <searchable>true</searchable>
            <system>false</system>
            <unlogged>false</unlogged>
        </visibility>
        <definition>a!localVariables(
  local!selectedApplicationLookup: if(
    a!isNotNullOrEmpty(
      ri!record[#"urn:appian:record-field:v1:578f4330-78de-41cd-a986-e8cbefffae7f/f1556e9e-9c73-41e6-840d-e54db703fa27"]
    ),
    cast(
      194,
      #"ef41acac-d948-48e9-9585-16bc6d3fc748"(
        id: ri!record[#"urn:appian:record-field:v1:578f4330-78de-41cd-a986-e8cbefffae7f/f1556e9e-9c73-41e6-840d-e54db703fa27"],
        pagingInfo: #"SYSTEM_SYSRULES_pagingInfo"(1, 5000)
      )
    ),
    {}
  ),
  local!script: index(
    #"_a-0000ebf9-1d05-8000-baba-01ef9001ef90_773648"(
      scriptDetailsId: ri!record[#"urn:appian:record-field:v1:578f4330-78de-41cd-a986-e8cbefffae7f/48912b96-b4f6-41eb-9e88-4ec9c4700419"]
    ),
    "script",
    null
  ),
  {
    #"SYSTEM_SYSRULES_richTextDisplayField"(),
    #"SYSTEM_SYSRULES_columnsLayout"(
      columns: {
        #"SYSTEM_SYSRULES_columnLayout"(
          contents: {
            #"SYSTEM_SYSRULES_sectionLayout_v1"(
              label: "Script",
              labelSize: "MEDIUM",
              labelHeadingTag: "H2",
              labelColor: "STANDARD",
              contents: {
                #"SYSTEM_SYSRULES_cardLayout"(
                  contents: {
                    #"_a-0000eb09-de01-8000-baae-01ef9001ef90_539790"(
                      icon: "copy",
                      label: "Copy",
                      textToCopy: local!script,
                      align: "RIGHT",
                      color: "ACCENT"
                    ),
                    #"SYSTEM_SYSRULES_richTextDisplayField"(value: local!script)
                  },
                  height: "AUTO",
                  style: "INFO",
                  shape: "ROUNDED",
                  marginBelow: "STANDARD",
                  showShadow: true
                )
              },
              divider: "ABOVE",
              marginAbove: "STANDARD"
            )
          }
        ),
        #"SYSTEM_SYSRULES_columnLayout"(
          contents: {
            #"SYSTEM_SYSRULES_sectionLayout_v1"(
              label: "Other Details",
              labelSize: "MEDIUM",
              labelHeadingTag: "H2",
              labelColor: "STANDARD",
              contents: {
                #"SYSTEM_SYSRULES_textField"(
                  label: "Object Name",
                  labelPosition: "JUSTIFIED",
                  value: a!defaultValue(
                    ri!record[#"urn:appian:record-field:v1:578f4330-78de-41cd-a986-e8cbefffae7f/913b6e86-36a0-431b-917d-c63c2dd76824"],
                    "–"
                  ),
                  readOnly: true
                ),
                #"SYSTEM_SYSRULES_textField"(
                  label: "Application",
                  labelPosition: "JUSTIFIED",
                  value: index(
                    local!selectedApplicationLookup,
                    "applicationName",
                    null
                  ),
                  readOnly: true
                ),
                #"SYSTEM_SYSRULES_textField"(
                  label: "Jira Ticket Id",
                  labelPosition: "JUSTIFIED",
                  value: a!defaultValue(
                    ri!record[#"urn:appian:record-field:v1:578f4330-78de-41cd-a986-e8cbefffae7f/c62eac15-4a15-454d-99ca-671d98ab6b86"],
                    "–"
                  ),
                  readOnly: true
                ),
                #"SYSTEM_SYSRULES_richTextDisplayField"(
                  label: "Is Moved To SIT",
                  labelPosition: "JUSTIFIED",
                  value: {
                    #"SYSTEM_SYSRULES_richTextIcon"(
                      icon: if(
                        ri!record[#"urn:appian:record-field:v1:578f4330-78de-41cd-a986-e8cbefffae7f/9809c3a2-5eaf-4cf5-ad79-c181d627317d"],
                        "check-circle",
                        "times-circle"
                      ),
                      color: if(
                        ri!record[#"urn:appian:record-field:v1:578f4330-78de-41cd-a986-e8cbefffae7f/9809c3a2-5eaf-4cf5-ad79-c181d627317d"],
                        "POSITIVE",
                        "NEGATIVE"
                      )
                    ),
                    if(
                      ri!record[#"urn:appian:record-field:v1:578f4330-78de-41cd-a986-e8cbefffae7f/9809c3a2-5eaf-4cf5-ad79-c181d627317d"],
                      " Yes",
                      " No"
                    )
                  }
                ),
                #"SYSTEM_SYSRULES_richTextDisplayField"(
                  label: "Is Moved To UAT",
                  labelPosition: "JUSTIFIED",
                  value: {
                    #"SYSTEM_SYSRULES_richTextIcon"(
                      icon: if(
                        ri!record[#"urn:appian:record-field:v1:578f4330-78de-41cd-a986-e8cbefffae7f/e797e644-4848-460a-aeaa-d1363a5bf826"],
                        "check-circle",
                        "times-circle"
                      ),
                      color: if(
                        ri!record[#"urn:appian:record-field:v1:578f4330-78de-41cd-a986-e8cbefffae7f/e797e644-4848-460a-aeaa-d1363a5bf826"],
                        "POSITIVE",
                        "NEGATIVE"
                      )
                    ),
                    if(
                      ri!record[#"urn:appian:record-field:v1:578f4330-78de-41cd-a986-e8cbefffae7f/e797e644-4848-460a-aeaa-d1363a5bf826"],
                      " Yes",
                      " No"
                    )
                  }
                ),
                #"SYSTEM_SYSRULES_richTextDisplayField"(
                  label: "Is Moved To Staging",
                  labelPosition: "JUSTIFIED",
                  value: {
                    #"SYSTEM_SYSRULES_richTextIcon"(
                      icon: if(
                        ri!record[#"urn:appian:record-field:v1:578f4330-78de-41cd-a986-e8cbefffae7f/00957d71-ee9b-4ffc-8846-a90a5c595775"],
                        "check-circle",
                        "times-circle"
                      ),
                      color: if(
                        ri!record[#"urn:appian:record-field:v1:578f4330-78de-41cd-a986-e8cbefffae7f/00957d71-ee9b-4ffc-8846-a90a5c595775"],
                        "POSITIVE",
                        "NEGATIVE"
                      )
                    ),
                    if(
                      ri!record[#"urn:appian:record-field:v1:578f4330-78de-41cd-a986-e8cbefffae7f/00957d71-ee9b-4ffc-8846-a90a5c595775"],
                      " Yes",
                      " No"
                    )
                  }
                ),
                #"SYSTEM_SYSRULES_richTextDisplayField"(
                  label: "Is Moved To Prod",
                  labelPosition: "JUSTIFIED",
                  value: {
                    #"SYSTEM_SYSRULES_richTextIcon"(
                      icon: if(
                        ri!record[#"urn:appian:record-field:v1:578f4330-78de-41cd-a986-e8cbefffae7f/11dcaaae-e4b7-4fe0-bf71-6f6efb673774"],
                        "check-circle",
                        "times-circle"
                      ),
                      color: if(
                        ri!record[#"urn:appian:record-field:v1:578f4330-78de-41cd-a986-e8cbefffae7f/11dcaaae-e4b7-4fe0-bf71-6f6efb673774"],
                        "POSITIVE",
                        "NEGATIVE"
                      )
                    ),
                    if(
                      ri!record[#"urn:appian:record-field:v1:578f4330-78de-41cd-a986-e8cbefffae7f/11dcaaae-e4b7-4fe0-bf71-6f6efb673774"],
                      " Yes",
                      " No"
                    )
                  }
                ),
                #"SYSTEM_SYSRULES_textField"(
                  label: "Comments",
                  labelPosition: "JUSTIFIED",
                  value: a!defaultValue(
                    ri!record[#"urn:appian:record-field:v1:578f4330-78de-41cd-a986-e8cbefffae7f/be90b922-1dc5-494c-9b34-d156f06695cd"],
                    "–"
                  ),
                  readOnly: true
                )
              },
              divider: "ABOVE",
              marginAbove: "STANDARD"
            ),
            #"SYSTEM_SYSRULES_sectionLayout_v1"(
              label: "Event History",
              labelSize: "MEDIUM",
              labelHeadingTag: "H2",
              labelColor: "STANDARD",
              contents: {
                #"SYSTEM_SYSRULES_eventHistoryListField"(
                  eventData: #"SYSTEM_SYSRULES_eventData"(
                    recordType: #"urn:appian:record-type:v1:e4e37095-a19b-442d-8cc0-eb9d064afc4f",
                    filters: #"SYSTEM_SYSRULES_queryLogicalExpression"(
                      operator: "AND",
                      filters: {
                        #"SYSTEM_SYSRULES_queryFilter"(
                          field: #"urn:appian:record-field:v1:e4e37095-a19b-442d-8cc0-eb9d064afc4f/adbe1017-9d9d-47c5-bb62-27df4e6a2708",
                          operator: "=",
                          value: ri!record[#"urn:appian:record-field:v1:578f4330-78de-41cd-a986-e8cbefffae7f/48912b96-b4f6-41eb-9e88-4ec9c4700419"]
                        )
                      },
                      ignoreFiltersWithEmptyValues: true
                    ),
                    timestamp: #"urn:appian:record-field:v1:e4e37095-a19b-442d-8cc0-eb9d064afc4f/4f4a0323-0bbe-4d1c-8ca2-1f91bf520870",
                    user: #"urn:appian:record-field:v1:e4e37095-a19b-442d-8cc0-eb9d064afc4f/d9b3800f-6632-4d8c-94f7-0214205e2488",
                    eventTypeName: fv!data[#"urn:appian:record-field:v1:e4e37095-a19b-442d-8cc0-eb9d064afc4f/5447d93d-9eb7-4274-a78e-fe6e77f4d169/ffe4c95e-27de-4bf7-ae84-86740169f209"]
                  ),
                  eventStyle: "PREVIEW_LIST",
                  previewListPageSize: 3,
                  displayUser: "IMAGE"
                )
              },
              divider: "ABOVE",
              marginAbove: "STANDARD"
            )
          },
          width: "MEDIUM"
        )
      },
      spacing: "SPARSE",
      showDividers: true
    )
  }
)</definition>
        <namedTypedValue>
            <name>record</name>
            <type>
                <name>578f4330-78de-41cd-a986-e8cbefffae7f</name>
                <namespace>urn:com:appian:recordtype:datatype</namespace>
            </type>
        </namedTypedValue>
        <preferredEditor>interface</preferredEditor>
        <offlineEnabled>false</offlineEnabled>
        <isCustom>false</isCustom>
    </interface>
    <roleMap public="true">
        <role inherit="true" allowForAll="false" name="readers">
            <users/>
            <groups/>
        </role>
        <role inherit="true" allowForAll="false" name="authors">
            <users/>
            <groups/>
        </role>
        <role inherit="true" allowForAll="false" name="administrators">
            <users/>
            <groups/>
        </role>
        <role inherit="false" allowForAll="false" name="denyReaders">
            <users/>
            <groups/>
        </role>
        <role inherit="false" allowForAll="false" name="denyAuthors">
            <users/>
            <groups/>
        </role>
        <role inherit="false" allowForAll="false" name="denyAdministrators">
            <users/>
            <groups/>
        </role>
    </roleMap>
    <typedValue>
        <type>
            <name>RuleTestConfig?list</name>
            <namespace>http://www.appian.com/ae/types/2009</namespace>
        </type>
        <value>
            <el>
                <a:name/>
                <a:ruleInputTestConfigs>
                    <a:value xmlns:xsi="http://www.w3.org/2001/XMLSchema-instance" xsi:type="a:Expression">#"SYSTEM_SYSRULES_queryRecordType_v1"(
  recordType: #"urn:appian:record-type:v1:578f4330-78de-41cd-a986-e8cbefffae7f",
  fields: {},
  pagingInfo: #"SYSTEM_SYSRULES_pagingInfo"(
    startIndex: 1,
    batchSize: 1,
    sort:#"SYSTEM_SYSRULES_sortInfo"(field: #"urn:appian:record-field:v1:578f4330-78de-41cd-a986-e8cbefffae7f/48912b96-b4f6-41eb-9e88-4ec9c4700419")
  )
).data</a:value>
                    <a:nameRef>record</a:nameRef>
                    <a:id>1</a:id>
                </a:ruleInputTestConfigs>
                <a:assertions xmlns:xsi="http://www.w3.org/2001/XMLSchema-instance" xsi:nil="true"/>
            </el>
        </value>
    </typedValue>
    <history>
        <historyInfo versionUuid="2ecf8951-7aa6-4f82-b201-4dd58d2ba476"/>
        <historyInfo versionUuid="_a-0000eb09-de01-8000-baae-01ef9001ef90_533817"/>
        <historyInfo versionUuid="_a-0000eb1a-e02c-8000-bab0-01ef9001ef90_547921"/>
        <historyInfo versionUuid="_a-0000ebf9-1d05-8000-baba-01ef9001ef90_773729"/>
    </history>
</contentHaul>
