<?xml version="1.0" encoding="UTF-8" standalone="yes"?>
<contentHaul xmlns:a="http://www.appian.com/ae/types/2009">
    <versionUuid>_a-0000ebf9-1d05-8000-baba-01ef9001ef90_774564</versionUuid>
    <interface>
        <name>NSM_CreateOrUpdateApplicationLookup</name>
        <uuid>326e4671-b849-475d-a3e0-11fcf2aab628</uuid>
        <description>Form interface for creating or updating Application Lookups as an action</description>
        <parentUuid>e5bc8257-9120-40df-b483-201633536c38</parentUuid>
        <visibility>
            <advertise>false</advertise>
            <hierarchy>true</hierarchy>
            <indexable>true</indexable>
            <quota>false</quota>
            <searchable>true</searchable>
            <system>false</system>
            <unlogged>false</unlogged>
        </visibility>
        <definition>a!localVariables(
  local!loggedInUser: loggedInUser(),
  local!confApplicationUser: #"_a-0000ebf9-1d05-8000-baba-01ef9001ef90_774516"(
    applicationLookupId: ri!record[#"urn:appian:record-field:v1:dc989bd8-cdfa-4ab9-8df8-b0eddb56a0d0/997fe243-d83a-477a-be95-3b7e4747b1e8"]
  ),
  local!existingUsers: a!refreshVariable(
    value: index(
      local!confApplicationUser,
      #"urn:appian:record-field:v1:3df44867-65a7-4046-9dd8-9fdf2bfb827c/4c14417b-4538-4339-9bc5-132c1d2686dc",
      null
    ),
    refreshOnReferencedVarChange: false
  ),
  local!appUsers: local!existingUsers,
  local!deletedUsers: difference(
    touniformstring(local!existingUsers),
    touniformstring(local!appUsers)
  ),
  local!newUsers: difference(
    touniformstring(local!appUsers),
    touniformstring(local!existingUsers)
  ),
  local!applicationUser: {
    if(
      #"_a-0000ebf9-1d05-8000-baba-01ef9001ef90_774479"(local!deletedUsers),
      {},
      #"SYSTEM_SYSRULES_forEach"(
        local!deletedUsers,
        #"urn:appian:record-type:v1:3df44867-65a7-4046-9dd8-9fdf2bfb827c"(
          #"urn:appian:record-field:v1:3df44867-65a7-4046-9dd8-9fdf2bfb827c/1b4bf3f9-af4c-4ba5-b9cb-fb741138616f": displayvalue(
            fv!item,
            local!confApplicationUser[#"urn:appian:record-field:v1:3df44867-65a7-4046-9dd8-9fdf2bfb827c/4c14417b-4538-4339-9bc5-132c1d2686dc"],
            local!confApplicationUser[#"urn:appian:record-field:v1:3df44867-65a7-4046-9dd8-9fdf2bfb827c/1b4bf3f9-af4c-4ba5-b9cb-fb741138616f"],
            null
          ),
          #"urn:appian:record-field:v1:3df44867-65a7-4046-9dd8-9fdf2bfb827c/b2b83af9-800c-46fd-85e9-7e2e45d0ced2": false
        )
      )
    ),
    if(
      #"_a-0000ebf9-1d05-8000-baba-01ef9001ef90_774479"(local!newUsers),
      {},
      #"SYSTEM_SYSRULES_forEach"(
        local!newUsers,
        #"urn:appian:record-type:v1:3df44867-65a7-4046-9dd8-9fdf2bfb827c"(
          #"urn:appian:record-field:v1:3df44867-65a7-4046-9dd8-9fdf2bfb827c/1b4bf3f9-af4c-4ba5-b9cb-fb741138616f": null,
          #"urn:appian:record-field:v1:3df44867-65a7-4046-9dd8-9fdf2bfb827c/4c14417b-4538-4339-9bc5-132c1d2686dc": fv!item,
          #"urn:appian:record-field:v1:3df44867-65a7-4046-9dd8-9fdf2bfb827c/4bf3410f-5286-4104-9393-1f323159f750": ri!record[#"urn:appian:record-field:v1:dc989bd8-cdfa-4ab9-8df8-b0eddb56a0d0/997fe243-d83a-477a-be95-3b7e4747b1e8"],
          #"urn:appian:record-field:v1:3df44867-65a7-4046-9dd8-9fdf2bfb827c/b2b83af9-800c-46fd-85e9-7e2e45d0ced2": true
        )
      )
    )
  },
  #"SYSTEM_SYSRULES_formLayout_v1"(
    label: if(
      ri!isUpdate,
      "Update Application Configuration",
      "Create Application Configuration"
    ),
    contents: {
      #"SYSTEM_SYSRULES_columnsLayout"(
        columns: {
          #"SYSTEM_SYSRULES_columnLayout"(
            contents: {
              #"SYSTEM_SYSRULES_textField"(
                label: "Application Name",
                labelPosition: "ABOVE",
                value: ri!record[#"urn:appian:record-field:v1:dc989bd8-cdfa-4ab9-8df8-b0eddb56a0d0/c0853c09-c935-48ba-ad37-2e8a188da7f6"],
                saveInto: ri!record[#"urn:appian:record-field:v1:dc989bd8-cdfa-4ab9-8df8-b0eddb56a0d0/c0853c09-c935-48ba-ad37-2e8a188da7f6"],
                characterLimit: 255,
                required: true
              )
            }
          ),
          #"SYSTEM_SYSRULES_columnLayout"(
            contents: {
              #"SYSTEM_SYSRULES_pickerFieldUsers"(
                label: "Application Users",
                labelPosition: "ABOVE",
                groupFilter: #"_a-0000eb1a-e02c-8000-bab0-01ef9001ef90_547133",
                value: local!appUsers,
                maxSelections: 50,
                saveInto: a!save(
                  local!appUsers,
                  union(save!value, save!value)
                )
              )
            }
          ),
          #"SYSTEM_SYSRULES_columnLayout"(
            contents: {
              #"SYSTEM_SYSRULES_richTextDisplayField"(
                label: "Is Active",
                value: #"SYSTEM_SYSRULES_richTextIcon"(
                  icon: if(
                    or(
                      ri!isUpdate &lt;&gt; true,
                      ri!record[#"urn:appian:record-field:v1:dc989bd8-cdfa-4ab9-8df8-b0eddb56a0d0/049e07f1-eead-438e-b3a8-8daf92a2d8e4"]
                    ),
                    "toggle-on",
                    "toggle-off"
                  ),
                  link: #"SYSTEM_SYSRULES_dynamicLink"(
                    saveInto: a!save(
                      ri!record[#"urn:appian:record-field:v1:dc989bd8-cdfa-4ab9-8df8-b0eddb56a0d0/049e07f1-eead-438e-b3a8-8daf92a2d8e4"],
                      if(
                        a!isNullOrEmpty(
                          ri!record[#"urn:appian:record-field:v1:dc989bd8-cdfa-4ab9-8df8-b0eddb56a0d0/049e07f1-eead-438e-b3a8-8daf92a2d8e4"]
                        ),
                        true(),
                        not(
                          ri!record[#"urn:appian:record-field:v1:dc989bd8-cdfa-4ab9-8df8-b0eddb56a0d0/049e07f1-eead-438e-b3a8-8daf92a2d8e4"]
                        )
                      )
                    ),
                    showWhen: ri!isUpdate = true
                  ),
                  linkStyle: "STANDALONE",
                  size: "MEDIUM_PLUS"
                )
              )
            }
          )
        }
      )
    },
    buttons: #"SYSTEM_SYSRULES_ButtonLayout"(
      primaryButtons: {
        #"SYSTEM_SYSRULES_ButtonWidget"(
          label: if(ri!isUpdate, "Save", "Create"),
          style: "PRIMARY",
          submit: true,
          validate: true,
          saveInto: {
            a!save(
              ri!record,
              if(
                ri!isUpdate &lt;&gt; true,
                #"urn:appian:function:v1:a:update"(
                  ri!record,
                  {
                    #"urn:appian:record-field:v1:dc989bd8-cdfa-4ab9-8df8-b0eddb56a0d0/519d02dc-7ab6-4b71-8f5c-2d1d8fec3b3f",
                    #"urn:appian:record-field:v1:dc989bd8-cdfa-4ab9-8df8-b0eddb56a0d0/1756408b-0e2b-4467-befa-a167b58f0664",
                    #"urn:appian:record-field:v1:dc989bd8-cdfa-4ab9-8df8-b0eddb56a0d0/049e07f1-eead-438e-b3a8-8daf92a2d8e4"
                  },
                  { local!loggedInUser, now(), true() }
                ),
                ri!record
              )
            ),
            a!save(
              ri!record[#"urn:appian:record-relationship:v1:dc989bd8-cdfa-4ab9-8df8-b0eddb56a0d0/649fea45-7be4-4b4b-ac02-8f408eb94f0e"],
              local!applicationUser
            )
          }
        )
      },
      secondaryButtons: {
        #"SYSTEM_SYSRULES_ButtonWidget"(
          label: "Cancel",
          style: "NORMAL",
          submit: true,
          validate: false,
          value: true,
          saveInto: ri!cancel
        )
      }
    )
  )
)</definition>
        <namedTypedValue>
            <name>record</name>
            <type>
                <name>dc989bd8-cdfa-4ab9-8df8-b0eddb56a0d0</name>
                <namespace>urn:com:appian:recordtype:datatype</namespace>
            </type>
        </namedTypedValue>
        <namedTypedValue>
            <name>cancel</name>
            <type>
                <name>boolean</name>
                <namespace>http://www.w3.org/2001/XMLSchema</namespace>
            </type>
        </namedTypedValue>
        <namedTypedValue>
            <name>isUpdate</name>
            <description>Tracks whether this form is being used to create a new record or update an existing one</description>
            <type>
                <name>boolean</name>
                <namespace>http://www.w3.org/2001/XMLSchema</namespace>
            </type>
        </namedTypedValue>
        <preferredEditor>interface</preferredEditor>
        <offlineEnabled>false</offlineEnabled>
        <isCustom>false</isCustom>
    </interface>
    <roleMap public="true">
        <role inherit="true" allowForAll="false" name="readers">
            <users/>
            <groups/>
        </role>
        <role inherit="true" allowForAll="false" name="authors">
            <users/>
            <groups/>
        </role>
        <role inherit="true" allowForAll="false" name="administrators">
            <users/>
            <groups/>
        </role>
        <role inherit="false" allowForAll="false" name="denyReaders">
            <users/>
            <groups/>
        </role>
        <role inherit="false" allowForAll="false" name="denyAuthors">
            <users/>
            <groups/>
        </role>
        <role inherit="false" allowForAll="false" name="denyAdministrators">
            <users/>
            <groups/>
        </role>
    </roleMap>
    <history>
        <historyInfo versionUuid="76a43774-801a-46cb-909b-e8d2d6cf1fd6"/>
        <historyInfo versionUuid="_a-0000eb1a-e02c-8000-bab0-01ef9001ef90_548008"/>
        <historyInfo versionUuid="_a-0000eb1a-e02c-8000-bab0-01ef9001ef90_565948"/>
        <historyInfo versionUuid="_a-0000ebf9-1d05-8000-baba-01ef9001ef90_774564"/>
    </history>
</contentHaul>
