<?xml version="1.0" encoding="UTF-8" standalone="yes"?>
<contentHaul xmlns:a="http://www.appian.com/ae/types/2009">
    <versionUuid>_a-0000eb1a-e02c-8000-bab0-01ef9001ef90_546954</versionUuid>
    <interface>
        <name>NSM_COMMON_dynamicColumnLayout</name>
        <uuid>_a-0000eb1a-e02c-8000-bab0-01ef9001ef90_546943</uuid>
        <description>Interface to display the contents in Column Layout Dynamically</description>
        <parentUuid>e5bc8257-9120-40df-b483-201633536c38</parentUuid>
        <visibility>
            <advertise>false</advertise>
            <hierarchy>true</hierarchy>
            <indexable>true</indexable>
            <quota>false</quota>
            <searchable>true</searchable>
            <system>false</system>
            <unlogged>false</unlogged>
        </visibility>
        <definition>if(
  or(
    a!isNullOrEmpty(ri!fieldComponents),
    a!isNullOrEmpty(ri!noOfColumnsInARow)
  ),
  {},
  #"SYSTEM_SYSRULES_forEach"(
    items: enumerate(
      ceiling(
        count(ri!fieldComponents) / ri!noOfColumnsInARow
      )
    ),
    expression: #"SYSTEM_SYSRULES_columnsLayout"(
      columns: #"SYSTEM_SYSRULES_forEach"(
        items: index(
          ri!fieldComponents,
          enumerate(ri!noOfColumnsInARow) + 1 + (fv!item * ri!noOfColumnsInARow),
          null
        ),
        expression: #"SYSTEM_SYSRULES_columnLayout"(contents: fv!item)
      )
    )
  )
)</definition>
        <namedTypedValue>
            <name>noOfColumnsInARow</name>
            <type>
                <name>int</name>
                <namespace>http://www.w3.org/2001/XMLSchema</namespace>
            </type>
        </namedTypedValue>
        <namedTypedValue>
            <name>fieldComponents</name>
            <type>
                <name>Variant</name>
                <namespace>http://www.appian.com/ae/types/2009</namespace>
            </type>
        </namedTypedValue>
        <preferredEditor>interface</preferredEditor>
        <offlineEnabled>false</offlineEnabled>
        <isCustom>false</isCustom>
    </interface>
    <roleMap public="true">
        <role inherit="true" allowForAll="false" name="readers">
            <users/>
            <groups/>
        </role>
        <role inherit="true" allowForAll="false" name="authors">
            <users/>
            <groups/>
        </role>
        <role inherit="true" allowForAll="false" name="administrators">
            <users/>
            <groups/>
        </role>
        <role inherit="false" allowForAll="false" name="denyReaders">
            <users/>
            <groups/>
        </role>
        <role inherit="false" allowForAll="false" name="denyAuthors">
            <users/>
            <groups/>
        </role>
        <role inherit="false" allowForAll="false" name="denyAdministrators">
            <users/>
            <groups/>
        </role>
    </roleMap>
    <history>
        <historyInfo versionUuid="_a-0000eb1a-e02c-8000-bab0-01ef9001ef90_546954"/>
    </history>
</contentHaul>
