<?xml version="1.0" encoding="UTF-8" standalone="yes"?>
<contentHaul xmlns:a="http://www.appian.com/ae/types/2009">
    <versionUuid>_a-0000ebf9-1d05-8000-baba-01ef9001ef90_774231</versionUuid>
    <interface>
        <name>NSM_REPORT_exportScriptsToExcel</name>
        <uuid>_a-0000eb1a-e02c-8000-bab0-01ef9001ef90_546874</uuid>
        <description>Report Interface to Export Scripts</description>
        <parentUuid>e5bc8257-9120-40df-b483-201633536c38</parentUuid>
        <visibility>
            <advertise>false</advertise>
            <hierarchy>true</hierarchy>
            <indexable>true</indexable>
            <quota>false</quota>
            <searchable>true</searchable>
            <system>false</system>
            <unlogged>false</unlogged>
        </visibility>
        <definition>a!localVariables(
  local!selectedScriptDetailsIds,
  local!exportedDocument,
  #"SYSTEM_SYSRULES_sectionLayout_v1"(
    label: "Export Scripts",
    labelSize: "MEDIUM",
    labelHeadingTag: "H2",
    labelColor: "STANDARD",
    contents: {
      #"SYSTEM_SYSRULES_richTextDisplayField"(
        labelPosition: "COLLAPSED",
        value: {
          #"SYSTEM_SYSRULES_richTextIcon"(
            icon: "external-link",
            link: #"SYSTEM_SYSRULES_dynamicLink"(
              saveInto: #"SYSTEM_SYSRULES_startProcess"(
                processModel: #"_a-0000eb1a-e02c-8000-bab0-01ef9001ef90_546806",
                processParameters: {
                  scriptDetailsIds: local!selectedScriptDetailsIds
                },
                onSuccess: {
                  a!save(
                    local!exportedDocument,
                    index(
                      index(fv!processInfo, "pv", null),
                      "exportedDocId",
                      null
                    )
                  ),
                  a!save(local!selectedScriptDetailsIds, null)
                }
              ),
              showWhen: a!isNotNullOrEmpty(local!selectedScriptDetailsIds)
            ),
            linkStyle: "STANDALONE",
            showWhen: a!isNullOrEmpty(local!exportedDocument)
          ),
          #"SYSTEM_SYSRULES_richTextItem_v1"(
            text: " Export to Excel",
            link: #"SYSTEM_SYSRULES_dynamicLink"(
              saveInto: #"SYSTEM_SYSRULES_startProcess"(
                processModel: #"_a-0000eb1a-e02c-8000-bab0-01ef9001ef90_546806",
                processParameters: {
                  scriptDetailsIds: local!selectedScriptDetailsIds
                },
                onSuccess: {
                  a!save(
                    local!exportedDocument,
                    index(
                      index(fv!processInfo, "pv", null),
                      "exportedDocId",
                      null
                    )
                  ),
                  a!save(local!selectedScriptDetailsIds, null)
                }
              ),
              showWhen: a!isNotNullOrEmpty(local!selectedScriptDetailsIds)
            ),
            linkStyle: "STANDALONE",
            showWhen: a!isNullOrEmpty(local!exportedDocument),
            size: "MEDIUM",
            style: "STRONG"
          )
        },
        align: "RIGHT"
      ),
      #"SYSTEM_SYSRULES_gridField_v2"(
        data: #"SYSTEM_SYSRULES_recordData"(
          recordType: #"urn:appian:record-type:v1:578f4330-78de-41cd-a986-e8cbefffae7f"
        ),
        columns: {
          #"SYSTEM_SYSRULES_gridColumn"(
            label: "Ref No",
            sortField: #"urn:appian:record-field:v1:578f4330-78de-41cd-a986-e8cbefffae7f/2a85429a-2cb6-40b6-af86-aec922e7011f",
            value: #"SYSTEM_SYSRULES_linkField"(
              links: {
                #"SYSTEM_SYSRULES_recordLink"(
                  label: fv!row[#"urn:appian:record-field:v1:578f4330-78de-41cd-a986-e8cbefffae7f/2a85429a-2cb6-40b6-af86-aec922e7011f"],
                  recordType: #"urn:appian:record-type:v1:578f4330-78de-41cd-a986-e8cbefffae7f",
                  identifier: fv!identifier,
                  openLinkIn: "NEW_TAB"
                )
              }
            )
          ),
          #"SYSTEM_SYSRULES_gridColumn"(
            label: "Application",
            sortField: #"urn:appian:record-field:v1:578f4330-78de-41cd-a986-e8cbefffae7f/f1556e9e-9c73-41e6-840d-e54db703fa27",
            value: fv!row[#"urn:appian:record-field:v1:578f4330-78de-41cd-a986-e8cbefffae7f/f4e33477-3dcf-4eed-87ef-8f7e72ef51ef/c0853c09-c935-48ba-ad37-2e8a188da7f6"]
          ),
          #"SYSTEM_SYSRULES_gridColumn"(
            label: "Object Name",
            sortField: #"urn:appian:record-field:v1:578f4330-78de-41cd-a986-e8cbefffae7f/913b6e86-36a0-431b-917d-c63c2dd76824",
            value: fv!row[#"urn:appian:record-field:v1:578f4330-78de-41cd-a986-e8cbefffae7f/913b6e86-36a0-431b-917d-c63c2dd76824"]
          ),
          #"SYSTEM_SYSRULES_gridColumn"(
            label: "Length",
            sortField: #"urn:appian:record-field:v1:578f4330-78de-41cd-a986-e8cbefffae7f/a7f0ebe6-b69d-4f83-869b-9b6e0a2a6d20",
            value: fv!row[#"urn:appian:record-field:v1:578f4330-78de-41cd-a986-e8cbefffae7f/a7f0ebe6-b69d-4f83-869b-9b6e0a2a6d20"]
          ),
          #"SYSTEM_SYSRULES_gridColumn"(
            label: "SIT",
            sortField: #"urn:appian:record-field:v1:578f4330-78de-41cd-a986-e8cbefffae7f/9809c3a2-5eaf-4cf5-ad79-c181d627317d",
            value: #"SYSTEM_SYSRULES_richTextDisplayField"(
              value: #"SYSTEM_SYSRULES_richTextIcon"(
                icon: if(
                  fv!row[#"urn:appian:record-field:v1:578f4330-78de-41cd-a986-e8cbefffae7f/9809c3a2-5eaf-4cf5-ad79-c181d627317d"],
                  "check-circle",
                  "times-circle"
                ),
                color: if(
                  fv!row[#"urn:appian:record-field:v1:578f4330-78de-41cd-a986-e8cbefffae7f/9809c3a2-5eaf-4cf5-ad79-c181d627317d"],
                  "POSITIVE",
                  "NEGATIVE"
                )
              ),
              align: "CENTER"
            ),
            align: "CENTER"
          ),
          #"SYSTEM_SYSRULES_gridColumn"(
            label: "UAT",
            sortField: #"urn:appian:record-field:v1:578f4330-78de-41cd-a986-e8cbefffae7f/e797e644-4848-460a-aeaa-d1363a5bf826",
            value: #"SYSTEM_SYSRULES_richTextDisplayField"(
              value: #"SYSTEM_SYSRULES_richTextIcon"(
                icon: if(
                  fv!row[#"urn:appian:record-field:v1:578f4330-78de-41cd-a986-e8cbefffae7f/e797e644-4848-460a-aeaa-d1363a5bf826"],
                  "check-circle",
                  "times-circle"
                ),
                color: if(
                  fv!row[#"urn:appian:record-field:v1:578f4330-78de-41cd-a986-e8cbefffae7f/e797e644-4848-460a-aeaa-d1363a5bf826"],
                  "POSITIVE",
                  "NEGATIVE"
                )
              ),
              align: "CENTER"
            ),
            align: "CENTER"
          ),
          #"SYSTEM_SYSRULES_gridColumn"(
            label: "Staging",
            sortField: #"urn:appian:record-field:v1:578f4330-78de-41cd-a986-e8cbefffae7f/00957d71-ee9b-4ffc-8846-a90a5c595775",
            value: #"SYSTEM_SYSRULES_richTextDisplayField"(
              value: #"SYSTEM_SYSRULES_richTextIcon"(
                icon: if(
                  fv!row[#"urn:appian:record-field:v1:578f4330-78de-41cd-a986-e8cbefffae7f/00957d71-ee9b-4ffc-8846-a90a5c595775"],
                  "check-circle",
                  "times-circle"
                ),
                color: if(
                  fv!row[#"urn:appian:record-field:v1:578f4330-78de-41cd-a986-e8cbefffae7f/00957d71-ee9b-4ffc-8846-a90a5c595775"],
                  "POSITIVE",
                  "NEGATIVE"
                )
              ),
              align: "CENTER"
            ),
            align: "CENTER"
          ),
          #"SYSTEM_SYSRULES_gridColumn"(
            label: "Prod",
            sortField: #"urn:appian:record-field:v1:578f4330-78de-41cd-a986-e8cbefffae7f/11dcaaae-e4b7-4fe0-bf71-6f6efb673774",
            value: #"SYSTEM_SYSRULES_richTextDisplayField"(
              value: #"SYSTEM_SYSRULES_richTextIcon"(
                icon: if(
                  fv!row[#"urn:appian:record-field:v1:578f4330-78de-41cd-a986-e8cbefffae7f/11dcaaae-e4b7-4fe0-bf71-6f6efb673774"],
                  "check-circle",
                  "times-circle"
                ),
                color: if(
                  fv!row[#"urn:appian:record-field:v1:578f4330-78de-41cd-a986-e8cbefffae7f/11dcaaae-e4b7-4fe0-bf71-6f6efb673774"],
                  "POSITIVE",
                  "NEGATIVE"
                )
              ),
              align: "CENTER"
            ),
            align: "CENTER"
          ),
          #"SYSTEM_SYSRULES_gridColumn"(
            label: "Modified By &amp; On",
            sortField: #"urn:appian:record-field:v1:578f4330-78de-41cd-a986-e8cbefffae7f/1376976d-98f8-4927-9067-580228bec928",
            value: #"SYSTEM_SYSRULES_richTextDisplayField"(
              label: "Modified By &amp; On",
              labelPosition: "JUSTIFIED",
              value: {
                #"SYSTEM_SYSRULES_richTextItem_v1"(
                  text: #"_a-0000eb09-de01-8000-baae-01ef9001ef90_539837"(
                    username: index(
                      fv!row,
                      #"urn:appian:record-field:v1:578f4330-78de-41cd-a986-e8cbefffae7f/b9d56863-f974-431d-a960-cd48bf4b9e49",
                      null
                    )
                  )
                ),
                char(10),
                #"SYSTEM_SYSRULES_richTextItem_v1"(
                  text: #"_a-0000eb09-de01-8000-baae-01ef9001ef90_539825"(
                    dateTime: index(
                      fv!row,
                      #"urn:appian:record-field:v1:578f4330-78de-41cd-a986-e8cbefffae7f/1376976d-98f8-4927-9067-580228bec928",
                      null
                    )
                  ),
                  color: "SECONDARY",
                  size: "SMALL"
                )
              }
            )
          )
        },
        pageSize: 10,
        initialSorts: {
          #"SYSTEM_SYSRULES_sortInfo"(
            field: #"urn:appian:record-field:v1:578f4330-78de-41cd-a986-e8cbefffae7f/48912b96-b4f6-41eb-9e88-4ec9c4700419"
          )
        },
        selectable: true,
        disableRowSelectionWhen: #"_a-0000ebf9-1d05-8000-baba-01ef9001ef90_774219" &lt; tointeger(
          fv!row[#"urn:appian:record-field:v1:578f4330-78de-41cd-a986-e8cbefffae7f/a7f0ebe6-b69d-4f83-869b-9b6e0a2a6d20"]
        ),
        selectionValue: local!selectedScriptDetailsIds,
        selectionSaveInto: {
          a!save(
            local!selectedScriptDetailsIds,
            if(
              and(
                a!isNotNullOrEmpty(
                  fv!deselectedRows[#"urn:appian:record-field:v1:578f4330-78de-41cd-a986-e8cbefffae7f/48912b96-b4f6-41eb-9e88-4ec9c4700419"]
                ),
                contains(
                  tointeger(local!selectedScriptDetailsIds),
                  tointeger(
                    fv!deselectedRows[#"urn:appian:record-field:v1:578f4330-78de-41cd-a986-e8cbefffae7f/48912b96-b4f6-41eb-9e88-4ec9c4700419"]
                  )
                )
              ),
              remove(
                local!selectedScriptDetailsIds,
                wherecontains(
                  fv!deselectedRows[#"urn:appian:record-field:v1:578f4330-78de-41cd-a986-e8cbefffae7f/48912b96-b4f6-41eb-9e88-4ec9c4700419"],
                  local!selectedScriptDetailsIds
                )
              ),
              append(
                local!selectedScriptDetailsIds,
                fv!selectedRows[#"urn:appian:record-field:v1:578f4330-78de-41cd-a986-e8cbefffae7f/48912b96-b4f6-41eb-9e88-4ec9c4700419"]
              )
            )
          ),
          a!save(local!exportedDocument, null)
        },
        showSelectionCount: "ON",
        borderStyle: "LIGHT",
        refreshAfter: "RECORD_ACTION",
        userFilters: {
          #"urn:appian:user-filter:v1:578f4330-78de-41cd-a986-e8cbefffae7f/199d4973-b835-4afe-9fde-a84c7281bd58",
          #"urn:appian:user-filter:v1:578f4330-78de-41cd-a986-e8cbefffae7f/bec774bf-31de-430d-be7b-fcb7f8905524",
          #"urn:appian:user-filter:v1:578f4330-78de-41cd-a986-e8cbefffae7f/af277e92-0778-4f32-a71a-ecf69a3f06c0"
        },
        showSearchBox: true,
        showRefreshButton: true
      ),
      #"SYSTEM_SYSRULES_documentViewerField"(
        document: local!exportedDocument,
        height: "SHORT",
        showWhen: a!isNotNullOrEmpty(local!exportedDocument)
      )
    },
    divider: "ABOVE",
    marginAbove: "STANDARD"
  )
)</definition>
        <preferredEditor>interface</preferredEditor>
        <offlineEnabled>false</offlineEnabled>
        <isCustom>false</isCustom>
    </interface>
    <roleMap public="true">
        <role inherit="true" allowForAll="false" name="readers">
            <users/>
            <groups/>
        </role>
        <role inherit="true" allowForAll="false" name="authors">
            <users/>
            <groups/>
        </role>
        <role inherit="true" allowForAll="false" name="administrators">
            <users/>
            <groups/>
        </role>
        <role inherit="false" allowForAll="false" name="denyReaders">
            <users/>
            <groups/>
        </role>
        <role inherit="false" allowForAll="false" name="denyAuthors">
            <users/>
            <groups/>
        </role>
        <role inherit="false" allowForAll="false" name="denyAdministrators">
            <users/>
            <groups/>
        </role>
    </roleMap>
    <history>
        <historyInfo versionUuid="_a-0000eb1a-e02c-8000-bab0-01ef9001ef90_565733"/>
        <historyInfo versionUuid="_a-0000eb1a-e02c-8000-bab0-01ef9001ef90_565954"/>
        <historyInfo versionUuid="_a-0000ebf9-1d05-8000-baba-01ef9001ef90_774231"/>
    </history>
</contentHaul>
