<?xml version="1.0" encoding="UTF-8" standalone="yes"?>
<contentHaul xmlns:a="http://www.appian.com/ae/types/2009">
    <versionUuid>_a-0000eb1a-e02c-8000-bab0-01ef9001ef90_547846</versionUuid>
    <interface>
        <name>NSM_REPORT_actionScreen</name>
        <uuid>_a-0000eb1a-e02c-8000-bab0-01ef9001ef90_546955</uuid>
        <description></description>
        <parentUuid>e5bc8257-9120-40df-b483-201633536c38</parentUuid>
        <visibility>
            <advertise>false</advertise>
            <hierarchy>true</hierarchy>
            <indexable>true</indexable>
            <quota>false</quota>
            <searchable>true</searchable>
            <system>false</system>
            <unlogged>false</unlogged>
        </visibility>
        <definition>a!localVariables(
  local!conf: {
    {
      label: "Export Scripts",
      document: #"_a-0000eb1a-e02c-8000-bab0-01ef9001ef90_547829",
      link: #"SYSTEM_SYSRULES_reportLink"(report: #"_a-0000eb1a-e02c-8000-bab0-01ef9001ef90_546982")
    },
    {
      label: "Application Configurations",
      document: #"_a-0000eb1a-e02c-8000-bab0-01ef9001ef90_547823",
      link: #"SYSTEM_SYSRULES_reportLink"(
        report: #"_a-0000eb1a-e02c-8000-bab0-01ef9001ef90_547032"
      )
    }
  },
  #"SYSTEM_SYSRULES_sectionLayout_v1"(
    label: " Actions",
    labelSize: "MEDIUM",
    marginBelow: "STANDARD",
    contents: {
      #"_a-0000eb1a-e02c-8000-bab0-01ef9001ef90_546943"(
        noOfColumnsInARow: 3,
        fieldComponents: #"SYSTEM_SYSRULES_forEach"(
          local!conf,
          #"SYSTEM_SYSRULES_cardLayout"(
            showShadow: true,
            shape: "ROUNDED",
            link: fv!item.link,
            contents: {
              #"SYSTEM_SYSRULES_imageField_v1"(
                images: {
                  #"SYSTEM_SYSRULES_documentImage"(document: fv!item.document)
                },
                size: "SMALL",
                align: "CENTER"
              ),
              #"SYSTEM_SYSRULES_richTextDisplayField"(
                value: #"SYSTEM_SYSRULES_richTextItem_v1"(
                  text: fv!item.label,
                  size: "MEDIUM",
                  style: "STRONG",
                  color: "ACCENT",
                  linkStyle: "STANDALONE",
                  
                ),
                align: "CENTER"
              )
            },
            marginBelow: "STANDARD"
          )
        )
      )
    }
  )
)</definition>
        <preferredEditor>interface</preferredEditor>
        <offlineEnabled>false</offlineEnabled>
        <isCustom>false</isCustom>
    </interface>
    <roleMap public="true">
        <role inherit="true" allowForAll="false" name="readers">
            <users/>
            <groups/>
        </role>
        <role inherit="true" allowForAll="false" name="authors">
            <users/>
            <groups/>
        </role>
        <role inherit="true" allowForAll="false" name="administrators">
            <users/>
            <groups/>
        </role>
        <role inherit="false" allowForAll="false" name="denyReaders">
            <users/>
            <groups/>
        </role>
        <role inherit="false" allowForAll="false" name="denyAuthors">
            <users/>
            <groups/>
        </role>
        <role inherit="false" allowForAll="false" name="denyAdministrators">
            <users/>
            <groups/>
        </role>
    </roleMap>
    <history>
        <historyInfo versionUuid="_a-0000eb1a-e02c-8000-bab0-01ef9001ef90_547846"/>
    </history>
</contentHaul>
