<?xml version="1.0" encoding="UTF-8" standalone="yes"?>
<contentHaul xmlns:a="http://www.appian.com/ae/types/2009">
    <versionUuid>_a-0000ebf9-1d05-8000-baba-01ef9001ef90_774572</versionUuid>
    <rule>
        <name>NSM_GetConfApplicationUser</name>
        <uuid>_a-0000ebf9-1d05-8000-baba-01ef9001ef90_774516</uuid>
        <description>Rule to return Conf Application User</description>
        <parentUuid>e5bc8257-9120-40df-b483-201633536c38</parentUuid>
        <visibility>
            <advertise>false</advertise>
            <hierarchy>true</hierarchy>
            <indexable>true</indexable>
            <quota>false</quota>
            <searchable>true</searchable>
            <system>false</system>
            <unlogged>false</unlogged>
        </visibility>
        <definition>if(
  and(
    #"_a-0000ebf9-1d05-8000-baba-01ef9001ef90_774479"(ri!applicationLookupId),
    #"_a-0000ebf9-1d05-8000-baba-01ef9001ef90_774479"(ri!username)
  ),
  {},
  index(
    #"SYSTEM_SYSRULES_queryRecordType_v1"(
      recordType: #"urn:appian:record-type:v1:3df44867-65a7-4046-9dd8-9fdf2bfb827c",
      pagingInfo: if(
        #"_a-0000ebf9-1d05-8000-baba-01ef9001ef90_774479"(ri!pagingInfo),
        #"SYSTEM_SYSRULES_pagingInfo"(startIndex: 1, batchSize: 5000),
        ri!pagingInfo
      ),
      filters: #"SYSTEM_SYSRULES_queryLogicalExpression"(
        operator: "AND",
        filters: {
          #"SYSTEM_SYSRULES_queryFilter"(
            field: #"urn:appian:record-field:v1:3df44867-65a7-4046-9dd8-9fdf2bfb827c/4bf3410f-5286-4104-9393-1f323159f750",
            operator: "=",
            value: ri!applicationLookupId
          ),
          #"SYSTEM_SYSRULES_queryFilter"(
            field: #"urn:appian:record-field:v1:3df44867-65a7-4046-9dd8-9fdf2bfb827c/4c14417b-4538-4339-9bc5-132c1d2686dc",
            operator: "=",
            value: ri!username
          )
        },
        ignoreFiltersWithEmptyValues: true
      )
    ),
    "data",
    null
  )
)</definition>
        <namedTypedValue>
            <name>applicationLookupId</name>
            <type>
                <name>int</name>
                <namespace>http://www.w3.org/2001/XMLSchema</namespace>
            </type>
        </namedTypedValue>
        <namedTypedValue>
            <name>username</name>
            <type>
                <name>User</name>
                <namespace>http://www.appian.com/ae/types/2009</namespace>
            </type>
        </namedTypedValue>
        <namedTypedValue>
            <name>pagingInfo</name>
            <type>
                <name>PagingInfo</name>
                <namespace>http://www.appian.com/ae/types/2009</namespace>
            </type>
        </namedTypedValue>
        <preferredEditor>legacy</preferredEditor>
        <offlineEnabled>false</offlineEnabled>
    </rule>
    <roleMap public="true">
        <role inherit="true" allowForAll="false" name="readers">
            <users/>
            <groups/>
        </role>
        <role inherit="true" allowForAll="false" name="authors">
            <users/>
            <groups/>
        </role>
        <role inherit="true" allowForAll="false" name="administrators">
            <users/>
            <groups/>
        </role>
        <role inherit="false" allowForAll="false" name="denyReaders">
            <users/>
            <groups/>
        </role>
        <role inherit="false" allowForAll="false" name="denyAuthors">
            <users/>
            <groups/>
        </role>
        <role inherit="false" allowForAll="false" name="denyAdministrators">
            <users/>
            <groups/>
        </role>
    </roleMap>
    <history>
        <historyInfo versionUuid="_a-0000ebf9-1d05-8000-baba-01ef9001ef90_774572"/>
    </history>
</contentHaul>
