<?xml version="1.0" encoding="UTF-8" standalone="yes"?>
<contentHaul xmlns:a="http://www.appian.com/ae/types/2009">
    <versionUuid>_a-0000eb1a-e02c-8000-bab0-01ef9001ef90_547481</versionUuid>
    <interface>
        <name>NSM_COMMON_copyTextToClipboard</name>
        <uuid>_a-0000eb09-de01-8000-baae-01ef9001ef90_539790</uuid>
        <description>Interface for Copy Text to Clipboard Functionality using Rich Text</description>
        <parentUuid>e5bc8257-9120-40df-b483-201633536c38</parentUuid>
        <visibility>
            <advertise>false</advertise>
            <hierarchy>true</hierarchy>
            <indexable>true</indexable>
            <quota>false</quota>
            <searchable>true</searchable>
            <system>false</system>
            <unlogged>false</unlogged>
        </visibility>
        <definition>#"SYSTEM_SYSRULES_richTextDisplayField"(
  value: {
    #"SYSTEM_SYSRULES_richTextIcon"(
      icon: ri!icon,
      link: 'type!{http://www.appian.com/ae/types/2009}CopyToClipboardLink'(textToCopy: ri!textToCopy),
      linkStyle: "STANDALONE",
      color: ri!color,
      caption: "Click to Copy",
      showWhen: not(a!isNullOrEmpty(ri!icon))
    ),
    #"SYSTEM_SYSRULES_richTextItem_v1"(
      text: " " &amp; ri!label,
      link: 'type!{http://www.appian.com/ae/types/2009}CopyToClipboardLink'(textToCopy: ri!textToCopy),
      linkStyle: "STANDALONE",
      color: ri!color,
      showWhen: not(a!isNullOrEmpty(ri!label))
    )
  },
  align: ri!align
)</definition>
        <namedTypedValue>
            <name>icon</name>
            <type>
                <name>string</name>
                <namespace>http://www.w3.org/2001/XMLSchema</namespace>
            </type>
            <value/>
        </namedTypedValue>
        <namedTypedValue>
            <name>label</name>
            <type>
                <name>string</name>
                <namespace>http://www.w3.org/2001/XMLSchema</namespace>
            </type>
            <value/>
        </namedTypedValue>
        <namedTypedValue>
            <name>textToCopy</name>
            <type>
                <name>string</name>
                <namespace>http://www.w3.org/2001/XMLSchema</namespace>
            </type>
            <value/>
        </namedTypedValue>
        <namedTypedValue>
            <name>align</name>
            <type>
                <name>string</name>
                <namespace>http://www.w3.org/2001/XMLSchema</namespace>
            </type>
            <value/>
        </namedTypedValue>
        <namedTypedValue>
            <name>color</name>
            <type>
                <name>string</name>
                <namespace>http://www.w3.org/2001/XMLSchema</namespace>
            </type>
            <value/>
        </namedTypedValue>
        <preferredEditor>interface</preferredEditor>
        <offlineEnabled>false</offlineEnabled>
        <isCustom>false</isCustom>
    </interface>
    <roleMap public="true">
        <role inherit="true" allowForAll="false" name="readers">
            <users/>
            <groups/>
        </role>
        <role inherit="true" allowForAll="false" name="authors">
            <users/>
            <groups/>
        </role>
        <role inherit="true" allowForAll="false" name="administrators">
            <users/>
            <groups/>
        </role>
        <role inherit="false" allowForAll="false" name="denyReaders">
            <users/>
            <groups/>
        </role>
        <role inherit="false" allowForAll="false" name="denyAuthors">
            <users/>
            <groups/>
        </role>
        <role inherit="false" allowForAll="false" name="denyAdministrators">
            <users/>
            <groups/>
        </role>
    </roleMap>
    <history>
        <historyInfo versionUuid="_a-0000eb1a-e02c-8000-bab0-01ef9001ef90_547481"/>
    </history>
</contentHaul>
