<?xml version="1.0" encoding="UTF-8" standalone="yes"?>
<contentHaul xmlns:a="http://www.appian.com/ae/types/2009">
    <versionUuid>_a-0000ebf9-1d05-8000-baba-01ef9001ef90_773678</versionUuid>
    <rule>
        <name>NSM_constructScriptTexts</name>
        <uuid>_a-0000ebf9-1d05-8000-baba-01ef9001ef90_773606</uuid>
        <description>Rule to construct script text</description>
        <parentUuid>e5bc8257-9120-40df-b483-201633536c38</parentUuid>
        <visibility>
            <advertise>false</advertise>
            <hierarchy>true</hierarchy>
            <indexable>true</indexable>
            <quota>false</quota>
            <searchable>true</searchable>
            <system>false</system>
            <unlogged>false</unlogged>
        </visibility>
        <definition>if(
  a!isNullOrEmpty(ri!text),
  {},
  #"SYSTEM_SYSRULES_forEach"(
    items: enumerate(ceiling(len(ri!text) / 4000)),
    expression: #"urn:appian:record-type:v1:bf866fb9-5fee-40e1-9757-70ff9824be34"(
      #"urn:appian:record-field:v1:bf866fb9-5fee-40e1-9757-70ff9824be34/e9808813-54d8-4387-8446-5113aed5d605": null,
      #"urn:appian:record-field:v1:bf866fb9-5fee-40e1-9757-70ff9824be34/ad842d7c-0e41-491c-bc12-45eaadd66200": null,
      #"urn:appian:record-field:v1:bf866fb9-5fee-40e1-9757-70ff9824be34/0457e5c1-dfa6-4c6b-9661-8ee4522c08eb": mid(ri!text, fv!item * 4000 + 1, 4000),
      #"urn:appian:record-field:v1:bf866fb9-5fee-40e1-9757-70ff9824be34/96f92ef1-e727-4829-99d4-7c8acc6538fb": true
    )
  )
)</definition>
        <namedTypedValue>
            <name>text</name>
            <type>
                <name>string</name>
                <namespace>http://www.w3.org/2001/XMLSchema</namespace>
            </type>
            <value/>
        </namedTypedValue>
        <preferredEditor>legacy</preferredEditor>
        <offlineEnabled>false</offlineEnabled>
    </rule>
    <roleMap public="true">
        <role inherit="true" allowForAll="false" name="readers">
            <users/>
            <groups/>
        </role>
        <role inherit="true" allowForAll="false" name="authors">
            <users/>
            <groups/>
        </role>
        <role inherit="true" allowForAll="false" name="administrators">
            <users/>
            <groups/>
        </role>
        <role inherit="false" allowForAll="false" name="denyReaders">
            <users/>
            <groups/>
        </role>
        <role inherit="false" allowForAll="false" name="denyAuthors">
            <users/>
            <groups/>
        </role>
        <role inherit="false" allowForAll="false" name="denyAdministrators">
            <users/>
            <groups/>
        </role>
    </roleMap>
    <history>
        <historyInfo versionUuid="_a-0000ebf9-1d05-8000-baba-01ef9001ef90_773678"/>
    </history>
</contentHaul>
