<?xml version="1.0" encoding="UTF-8" standalone="yes"?>
<contentHaul xmlns:a="http://www.appian.com/ae/types/2009">
    <versionUuid>_a-0000eb1a-e02c-8000-bab0-01ef9001ef90_547556</versionUuid>
    <interface>
        <name>NSM_REPORT_ApplicationConfigurations</name>
        <uuid>_a-0000eb1a-e02c-8000-bab0-01ef9001ef90_547012</uuid>
        <description>Interface for Application Configuration Actions</description>
        <parentUuid>e5bc8257-9120-40df-b483-201633536c38</parentUuid>
        <visibility>
            <advertise>false</advertise>
            <hierarchy>true</hierarchy>
            <indexable>true</indexable>
            <quota>false</quota>
            <searchable>true</searchable>
            <system>false</system>
            <unlogged>false</unlogged>
        </visibility>
        <definition>{
  #"SYSTEM_SYSRULES_sectionLayout_v1"(
    label: "Applicaton Configurations",
    labelSize: "MEDIUM",
    labelHeadingTag: "H2",
    labelColor: "STANDARD",
    divider: "ABOVE",
    marginAbove: "STANDARD",
    contents: {
      #"SYSTEM_SYSRULES_gridField_v2"(
        data: #"urn:appian:record-type:v1:dc989bd8-cdfa-4ab9-8df8-b0eddb56a0d0",
        columns: {
          #"SYSTEM_SYSRULES_gridColumn"(
            label: "Application Name",
            sortField: #"urn:appian:record-field:v1:dc989bd8-cdfa-4ab9-8df8-b0eddb56a0d0/c0853c09-c935-48ba-ad37-2e8a188da7f6",
            value: fv!row[#"urn:appian:record-field:v1:dc989bd8-cdfa-4ab9-8df8-b0eddb56a0d0/c0853c09-c935-48ba-ad37-2e8a188da7f6"]
          ),
          #"SYSTEM_SYSRULES_gridColumn"(
            label: "Created By",
            sortField: #"urn:appian:record-field:v1:dc989bd8-cdfa-4ab9-8df8-b0eddb56a0d0/2cf2c528-e091-4966-81c2-dad7fd879a24/SYSTEM_RECORD_TYPE_USER_FIELD_username",
            value: #"SYSTEM_SYSRULES_richTextDisplayField"(
              value: #"SYSTEM_SYSRULES_richTextItem_v1"(
                text: #"_a-0000eb09-de01-8000-baae-01ef9001ef90_539837"(
                  username: index(
                    fv!row,
                    #"urn:appian:record-field:v1:dc989bd8-cdfa-4ab9-8df8-b0eddb56a0d0/519d02dc-7ab6-4b71-8f5c-2d1d8fec3b3f",
                    null
                  )
                )
              )
            )
          ),
          #"SYSTEM_SYSRULES_gridColumn"(
            label: "Created On",
            sortField: #"urn:appian:record-field:v1:dc989bd8-cdfa-4ab9-8df8-b0eddb56a0d0/1756408b-0e2b-4467-befa-a167b58f0664",
            value: #"SYSTEM_SYSRULES_richTextDisplayField"(
              value: #"SYSTEM_SYSRULES_richTextItem_v1"(
                text: #"_a-0000eb09-de01-8000-baae-01ef9001ef90_539825"(
                  dateTime: index(
                    fv!row,
                    #"urn:appian:record-field:v1:dc989bd8-cdfa-4ab9-8df8-b0eddb56a0d0/1756408b-0e2b-4467-befa-a167b58f0664",
                    null
                  )
                )
              )
            ),
            align: "END"
          ),
          #"SYSTEM_SYSRULES_gridColumn"(
            label: "Is Active",
            sortField: #"urn:appian:record-field:v1:dc989bd8-cdfa-4ab9-8df8-b0eddb56a0d0/049e07f1-eead-438e-b3a8-8daf92a2d8e4",
            value: #"SYSTEM_SYSRULES_richTextDisplayField"(
              value: #"SYSTEM_SYSRULES_richTextIcon"(
                icon: if(
                  fv!row[#"urn:appian:record-field:v1:dc989bd8-cdfa-4ab9-8df8-b0eddb56a0d0/049e07f1-eead-438e-b3a8-8daf92a2d8e4"],
                  "check-circle",
                  "times-circle"
                ),
                color: if(
                  fv!row[#"urn:appian:record-field:v1:dc989bd8-cdfa-4ab9-8df8-b0eddb56a0d0/049e07f1-eead-438e-b3a8-8daf92a2d8e4"],
                  "POSITIVE",
                  "NEGATIVE"
                )
              ),
              align: "CENTER"
            ),
            align: "CENTER"
          ),
          #"SYSTEM_SYSRULES_gridColumn"(
            value: #"SYSTEM_SYSRULES_recordActionField_v1"(
              actions: #"SYSTEM_SYSRULES_recordActionItem"(
                action: #"urn:appian:record-action:v1:dc989bd8-cdfa-4ab9-8df8-b0eddb56a0d0/7d6bc555-5de4-472e-a7d8-fd4b2af57e9e",
                identifier: fv!row[#"urn:appian:record-field:v1:dc989bd8-cdfa-4ab9-8df8-b0eddb56a0d0/997fe243-d83a-477a-be95-3b7e4747b1e8"]
              ),
              style: "LINKS",
              openActionsIn: "DIALOG"
            ),
            align: "CENTER"
          )
        },
        refreshAfter: "RECORD_ACTION",
        showSearchBox: true,
        showRefreshButton: true,
        recordActions: {
          #"SYSTEM_SYSRULES_recordActionItem"(
            action: #"urn:appian:record-action:v1:dc989bd8-cdfa-4ab9-8df8-b0eddb56a0d0/462c00a5-3a36-4202-a930-ae942a9c5c38"
          )
        },
        actionsStyle: "TOOLBAR_PRIMARY"
      )
    }
  )
}</definition>
        <preferredEditor>interface</preferredEditor>
        <offlineEnabled>false</offlineEnabled>
        <isCustom>false</isCustom>
    </interface>
    <roleMap public="true">
        <role inherit="true" allowForAll="false" name="readers">
            <users/>
            <groups/>
        </role>
        <role inherit="true" allowForAll="false" name="authors">
            <users/>
            <groups/>
        </role>
        <role inherit="true" allowForAll="false" name="administrators">
            <users/>
            <groups/>
        </role>
        <role inherit="false" allowForAll="false" name="denyReaders">
            <users/>
            <groups/>
        </role>
        <role inherit="false" allowForAll="false" name="denyAuthors">
            <users/>
            <groups/>
        </role>
        <role inherit="false" allowForAll="false" name="denyAdministrators">
            <users/>
            <groups/>
        </role>
    </roleMap>
    <history>
        <historyInfo versionUuid="_a-0000eb1a-e02c-8000-bab0-01ef9001ef90_547556"/>
    </history>
</contentHaul>
