<?xml version="1.0" encoding="UTF-8" standalone="yes"?>
<contentHaul xmlns:a="http://www.appian.com/ae/types/2009">
    <versionUuid>_a-0000ebf9-1d05-8000-baba-01ef9001ef90_773816</versionUuid>
    <rule>
        <name>NSM_GetScriptTextById</name>
        <uuid>_a-0000ebf9-1d05-8000-baba-01ef9001ef90_773781</uuid>
        <description>Rule to return a single Script Text for a given Id</description>
        <parentUuid>e5bc8257-9120-40df-b483-201633536c38</parentUuid>
        <visibility>
            <advertise>false</advertise>
            <hierarchy>true</hierarchy>
            <indexable>true</indexable>
            <quota>false</quota>
            <searchable>true</searchable>
            <system>false</system>
            <unlogged>false</unlogged>
        </visibility>
        <definition>#"SYSTEM_SYSRULES_queryRecordType_v1"(
  recordType: #"urn:appian:record-type:v1:bf866fb9-5fee-40e1-9757-70ff9824be34",
  fields: {
    #"urn:appian:record-field:v1:bf866fb9-5fee-40e1-9757-70ff9824be34/ad842d7c-0e41-491c-bc12-45eaadd66200"
  },
  pagingInfo: #"SYSTEM_SYSRULES_pagingInfo"(startIndex: 1, batchSize: 5000),
  filters: {
    #"SYSTEM_SYSRULES_queryFilter"(
      field: #"urn:appian:record-field:v1:bf866fb9-5fee-40e1-9757-70ff9824be34/ad842d7c-0e41-491c-bc12-45eaadd66200",
      operator: "=",
      value: ri!id
    ),
    #"SYSTEM_SYSRULES_queryFilter"(
      field: #"urn:appian:record-field:v1:bf866fb9-5fee-40e1-9757-70ff9824be34/96f92ef1-e727-4829-99d4-7c8acc6538fb",
      operator: "=",
      value: true
    )
  },
  
).data</definition>
        <namedTypedValue>
            <name>id</name>
            <type>
                <name>int</name>
                <namespace>http://www.w3.org/2001/XMLSchema</namespace>
            </type>
        </namedTypedValue>
        <preferredEditor>legacy</preferredEditor>
        <offlineEnabled>false</offlineEnabled>
    </rule>
    <roleMap public="true">
        <role inherit="true" allowForAll="false" name="readers">
            <users/>
            <groups/>
        </role>
        <role inherit="true" allowForAll="false" name="authors">
            <users/>
            <groups/>
        </role>
        <role inherit="true" allowForAll="false" name="administrators">
            <users/>
            <groups/>
        </role>
        <role inherit="false" allowForAll="false" name="denyReaders">
            <users/>
            <groups/>
        </role>
        <role inherit="false" allowForAll="false" name="denyAuthors">
            <users/>
            <groups/>
        </role>
        <role inherit="false" allowForAll="false" name="denyAdministrators">
            <users/>
            <groups/>
        </role>
    </roleMap>
    <history>
        <historyInfo versionUuid="_a-0000ebf9-1d05-8000-baba-01ef9001ef90_773816"/>
    </history>
</contentHaul>
