<?xml version="1.0" encoding="UTF-8" standalone="yes"?>
<contentHaul xmlns:a="http://www.appian.com/ae/types/2009">
    <versionUuid>_a-0000eb1a-e02c-8000-bab0-01ef9001ef90_547137</versionUuid>
    <constant>
        <name>NSM_GROUP_USERS</name>
        <uuid>_a-0000eb1a-e02c-8000-bab0-01ef9001ef90_547133</uuid>
        <description>Value: NSM Users</description>
        <parentUuid>e5bc8257-9120-40df-b483-201633536c38</parentUuid>
        <visibility>
            <advertise>false</advertise>
            <hierarchy>true</hierarchy>
            <indexable>true</indexable>
            <quota>false</quota>
            <searchable>true</searchable>
            <system>false</system>
            <unlogged>false</unlogged>
        </visibility>
        <typedValue>
            <type>
                <name>Group</name>
                <namespace>http://www.appian.com/ae/types/2009</namespace>
            </type>
            <value>7da45a61-fcbf-43b5-8db4-4a5c0739b8f9</value>
        </typedValue>
        <isEnvironmentSpecific>false</isEnvironmentSpecific>
    </constant>
    <roleMap public="true">
        <role inherit="true" allowForAll="false" name="readers">
            <users/>
            <groups/>
        </role>
        <role inherit="true" allowForAll="false" name="authors">
            <users/>
            <groups/>
        </role>
        <role inherit="true" allowForAll="false" name="administrators">
            <users/>
            <groups/>
        </role>
        <role inherit="false" allowForAll="false" name="denyReaders">
            <users/>
            <groups/>
        </role>
        <role inherit="false" allowForAll="false" name="denyAuthors">
            <users/>
            <groups/>
        </role>
        <role inherit="false" allowForAll="false" name="denyAdministrators">
            <users/>
            <groups/>
        </role>
    </roleMap>
    <history>
        <historyInfo versionUuid="_a-0000eb1a-e02c-8000-bab0-01ef9001ef90_547137"/>
    </history>
</contentHaul>
