<?xml version="1.0" encoding="UTF-8" standalone="yes"?>
<contentHaul xmlns:a="http://www.appian.com/ae/types/2009">
    <versionUuid>d8507db2-7c29-4175-bfce-2d1ce2f3c5ac</versionUuid>
    <rule>
        <name>NSM_GetScriptDetailsById</name>
        <uuid>d8507db2-7c29-4175-bfce-2d1ce2f3c5ac</uuid>
        <description>Rule to return a single Script Details for a given Id</description>
        <parentUuid>e5bc8257-9120-40df-b483-201633536c38</parentUuid>
        <visibility>
            <advertise>false</advertise>
            <hierarchy>true</hierarchy>
            <indexable>true</indexable>
            <quota>false</quota>
            <searchable>true</searchable>
            <system>false</system>
            <unlogged>false</unlogged>
        </visibility>
        <definition>index(
  #"SYSTEM_SYSRULES_queryRecordType_v1"(
    recordType: #"urn:appian:record-type:v1:578f4330-78de-41cd-a986-e8cbefffae7f",
    pagingInfo: #"SYSTEM_SYSRULES_pagingInfo"(startIndex: 1, batchSize: 1),
    filters: #"SYSTEM_SYSRULES_queryFilter"(
      field: #"urn:appian:record-field:v1:578f4330-78de-41cd-a986-e8cbefffae7f/48912b96-b4f6-41eb-9e88-4ec9c4700419",
      operator: "=",
      value: ri!id
    )
  ).data,
  1,
  cast(
    #"urn:appian:record-type:v1:578f4330-78de-41cd-a986-e8cbefffae7f",
    null
  )
)</definition>
        <namedTypedValue>
            <name>id</name>
            <type>
                <name>int</name>
                <namespace>http://www.w3.org/2001/XMLSchema</namespace>
            </type>
        </namedTypedValue>
        <preferredEditor>legacy</preferredEditor>
        <offlineEnabled>false</offlineEnabled>
    </rule>
    <roleMap public="true">
        <role inherit="true" allowForAll="false" name="readers">
            <users/>
            <groups/>
        </role>
        <role inherit="true" allowForAll="false" name="authors">
            <users/>
            <groups/>
        </role>
        <role inherit="true" allowForAll="false" name="administrators">
            <users/>
            <groups/>
        </role>
        <role inherit="false" allowForAll="false" name="denyReaders">
            <users/>
            <groups/>
        </role>
        <role inherit="false" allowForAll="false" name="denyAuthors">
            <users/>
            <groups/>
        </role>
        <role inherit="false" allowForAll="false" name="denyAdministrators">
            <users/>
            <groups/>
        </role>
    </roleMap>
    <history>
        <historyInfo versionUuid="d8507db2-7c29-4175-bfce-2d1ce2f3c5ac"/>
    </history>
</contentHaul>
