<?xml version="1.0" encoding="UTF-8" standalone="yes"?>
<contentHaul xmlns:a="http://www.appian.com/ae/types/2009">
    <versionUuid>_a-0000ebf9-1d05-8000-baba-01ef9001ef90_774605</versionUuid>
    <interface>
        <name>NSM_CreateOrUpdateScriptDetails</name>
        <uuid>f8614573-2100-4d66-98f0-bebf3a27759b</uuid>
        <description>Form interface for creating or updating Script Details as an action</description>
        <parentUuid>e5bc8257-9120-40df-b483-201633536c38</parentUuid>
        <visibility>
            <advertise>false</advertise>
            <hierarchy>true</hierarchy>
            <indexable>true</indexable>
            <quota>false</quota>
            <searchable>true</searchable>
            <system>false</system>
            <unlogged>false</unlogged>
        </visibility>
        <definition>a!localVariables(
  local!loggedInUser: loggedInUser(),
  local!script: a!refreshVariable(
    value: index(
      #"_a-0000ebf9-1d05-8000-baba-01ef9001ef90_773648"(
        scriptDetailsId: ri!record[#"urn:appian:record-field:v1:578f4330-78de-41cd-a986-e8cbefffae7f/48912b96-b4f6-41eb-9e88-4ec9c4700419"]
      ),
      "script",
      null
    ),
    refreshOnReferencedVarChange: false
  ),
  #"SYSTEM_SYSRULES_formLayout_v1"(
    label: if(
      ri!isUpdate,
      "Update Script",
      "Create Script"
    ),
    contents: {
      #"SYSTEM_SYSRULES_columnsLayout"(
        columns: {
          #"SYSTEM_SYSRULES_columnLayout"(
            contents: {
              #"SYSTEM_SYSRULES_textField"(
                label: "Object Name",
                labelPosition: "ABOVE",
                value: trim(
                  ri!record[#"urn:appian:record-field:v1:578f4330-78de-41cd-a986-e8cbefffae7f/913b6e86-36a0-431b-917d-c63c2dd76824"]
                ),
                saveInto: ri!record[#"urn:appian:record-field:v1:578f4330-78de-41cd-a986-e8cbefffae7f/913b6e86-36a0-431b-917d-c63c2dd76824"],
                characterLimit: 255,
                required: true
              ),
              #"SYSTEM_SYSRULES_dropdownField_v1"(
                data: #"SYSTEM_SYSRULES_recordData"(
                  recordType: #"urn:appian:record-type:v1:dc989bd8-cdfa-4ab9-8df8-b0eddb56a0d0",
                  filters: #"SYSTEM_SYSRULES_queryLogicalExpression"(
                    operator: "AND",
                    filters: {
                      #"SYSTEM_SYSRULES_queryFilter"(
                        field: #"urn:appian:record-field:v1:dc989bd8-cdfa-4ab9-8df8-b0eddb56a0d0/049e07f1-eead-438e-b3a8-8daf92a2d8e4",
                        operator: "=",
                        value: true
                      ),
                      #"SYSTEM_SYSRULES_queryFilter"(
                        field: #"urn:appian:record-field:v1:dc989bd8-cdfa-4ab9-8df8-b0eddb56a0d0/649fea45-7be4-4b4b-ac02-8f408eb94f0e/4c14417b-4538-4339-9bc5-132c1d2686dc",
                        operator: "=",
                        value: local!loggedInUser
                      )
                    },
                    ignoreFiltersWithEmptyValues: true
                  )
                ),
                choiceLabels: #"urn:appian:record-field:v1:dc989bd8-cdfa-4ab9-8df8-b0eddb56a0d0/c0853c09-c935-48ba-ad37-2e8a188da7f6",
                choiceValues: #"urn:appian:record-field:v1:dc989bd8-cdfa-4ab9-8df8-b0eddb56a0d0/997fe243-d83a-477a-be95-3b7e4747b1e8",
                saveInto: ri!record[#"urn:appian:record-field:v1:578f4330-78de-41cd-a986-e8cbefffae7f/f1556e9e-9c73-41e6-840d-e54db703fa27"],
                value: ri!record[#"urn:appian:record-field:v1:578f4330-78de-41cd-a986-e8cbefffae7f/f1556e9e-9c73-41e6-840d-e54db703fa27"],
                label: "Application",
                labelPosition: "ABOVE",
                placeholder: "SELECT",
                required: true
              )
            }
          ),
          #"SYSTEM_SYSRULES_columnLayout"(
            contents: {
              #"SYSTEM_SYSRULES_textField"(
                label: "Jira Ticket Id",
                labelPosition: "ABOVE",
                value: trim(
                  ri!record[#"urn:appian:record-field:v1:578f4330-78de-41cd-a986-e8cbefffae7f/c62eac15-4a15-454d-99ca-671d98ab6b86"]
                ),
                saveInto: ri!record[#"urn:appian:record-field:v1:578f4330-78de-41cd-a986-e8cbefffae7f/c62eac15-4a15-454d-99ca-671d98ab6b86"],
                characterLimit: 255,
                required: false
              ),
              #"SYSTEM_SYSRULES_textField"(
                label: "Comments",
                labelPosition: "ABOVE",
                value: trim(
                  ri!record[#"urn:appian:record-field:v1:578f4330-78de-41cd-a986-e8cbefffae7f/be90b922-1dc5-494c-9b34-d156f06695cd"]
                ),
                saveInto: ri!record[#"urn:appian:record-field:v1:578f4330-78de-41cd-a986-e8cbefffae7f/be90b922-1dc5-494c-9b34-d156f06695cd"],
                characterLimit: 500,
                required: false
              )
            }
          ),
          #"SYSTEM_SYSRULES_columnLayout"(
            contents: {
              #"SYSTEM_SYSRULES_checkboxField"(
                labelPosition: "COLLAPSED",
                choiceLabels: { "Is Moved To SIT" },
                choiceValues: { true },
                value: if(
                  ri!record[#"urn:appian:record-field:v1:578f4330-78de-41cd-a986-e8cbefffae7f/9809c3a2-5eaf-4cf5-ad79-c181d627317d"],
                  true,
                  null
                ),
                saveInto: a!save(
                  ri!record[#"urn:appian:record-field:v1:578f4330-78de-41cd-a986-e8cbefffae7f/9809c3a2-5eaf-4cf5-ad79-c181d627317d"],
                  if(isnull(save!value), false, true)
                ),
                required: false
              ),
              #"SYSTEM_SYSRULES_checkboxField"(
                labelPosition: "COLLAPSED",
                choiceLabels: { "Is Moved To UAT" },
                choiceValues: { true },
                value: if(
                  ri!record[#"urn:appian:record-field:v1:578f4330-78de-41cd-a986-e8cbefffae7f/e797e644-4848-460a-aeaa-d1363a5bf826"],
                  true,
                  null
                ),
                saveInto: a!save(
                  ri!record[#"urn:appian:record-field:v1:578f4330-78de-41cd-a986-e8cbefffae7f/e797e644-4848-460a-aeaa-d1363a5bf826"],
                  if(isnull(save!value), false, true)
                ),
                required: false
              ),
              #"SYSTEM_SYSRULES_checkboxField"(
                labelPosition: "COLLAPSED",
                choiceLabels: { "Is Moved To Staging" },
                choiceValues: { true },
                value: if(
                  ri!record[#"urn:appian:record-field:v1:578f4330-78de-41cd-a986-e8cbefffae7f/00957d71-ee9b-4ffc-8846-a90a5c595775"],
                  true,
                  null
                ),
                saveInto: a!save(
                  ri!record[#"urn:appian:record-field:v1:578f4330-78de-41cd-a986-e8cbefffae7f/00957d71-ee9b-4ffc-8846-a90a5c595775"],
                  if(isnull(save!value), false, true)
                ),
                required: false
              ),
              #"SYSTEM_SYSRULES_checkboxField"(
                labelPosition: "COLLAPSED",
                choiceLabels: { "Is Moved To Prod" },
                choiceValues: { true },
                value: if(
                  ri!record[#"urn:appian:record-field:v1:578f4330-78de-41cd-a986-e8cbefffae7f/11dcaaae-e4b7-4fe0-bf71-6f6efb673774"],
                  true,
                  null
                ),
                saveInto: a!save(
                  ri!record[#"urn:appian:record-field:v1:578f4330-78de-41cd-a986-e8cbefffae7f/11dcaaae-e4b7-4fe0-bf71-6f6efb673774"],
                  if(isnull(save!value), false, true)
                ),
                required: false
              )
            },
            width: "NARROW"
          )
        }
      ),
      #"SYSTEM_SYSRULES_paragraphField"(
        label: "Script",
        labelPosition: "ABOVE",
        value: trim(local!script),
        saveInto: local!script,
        characterLimit: #"_a-0000ebf9-1d05-8000-baba-01ef9001ef90_774117",
        height: "TALL",
        required: true
      )
    },
    buttons: #"SYSTEM_SYSRULES_ButtonLayout"(
      primaryButtons: {
        #"SYSTEM_SYSRULES_ButtonWidget"(
          label: if(ri!isUpdate, "Save", "Create"),
          style: "PRIMARY",
          submit: true,
          validate: true,
          saveInto: {
            a!save(
              ri!record,
              if(
                ri!isUpdate,
                #"urn:appian:function:v1:a:update"(
                  ri!record,
                  {
                    #"urn:appian:record-field:v1:578f4330-78de-41cd-a986-e8cbefffae7f/b9d56863-f974-431d-a960-cd48bf4b9e49",
                    #"urn:appian:record-field:v1:578f4330-78de-41cd-a986-e8cbefffae7f/1376976d-98f8-4927-9067-580228bec928"
                  },
                  { local!loggedInUser, now() }
                ),
                #"urn:appian:function:v1:a:update"(
                  ri!record,
                  {
                    #"urn:appian:record-field:v1:578f4330-78de-41cd-a986-e8cbefffae7f/7903c7ea-2a2f-4747-a58b-09eb459bd968",
                    #"urn:appian:record-field:v1:578f4330-78de-41cd-a986-e8cbefffae7f/9d09fac6-2b02-4284-acd9-b9de2ad1f829",
                    #"urn:appian:record-field:v1:578f4330-78de-41cd-a986-e8cbefffae7f/b9d56863-f974-431d-a960-cd48bf4b9e49",
                    #"urn:appian:record-field:v1:578f4330-78de-41cd-a986-e8cbefffae7f/1376976d-98f8-4927-9067-580228bec928"
                  },
                  {
                    local!loggedInUser,
                    now(),
                    local!loggedInUser,
                    now()
                  }
                )
              )
            ),
            if(
              a!isNotNullOrEmpty(local!script),
              {
                a!save(
                  ri!record[#"urn:appian:record-relationship:v1:578f4330-78de-41cd-a986-e8cbefffae7f/db7c6f6f-4909-4d99-bd39-1574abaf4e2d"],
                  #"_a-0000ebf9-1d05-8000-baba-01ef9001ef90_773606"(text: local!script)
                )
              },
              {}
            )
          }
        )
      },
      secondaryButtons: {
        #"SYSTEM_SYSRULES_ButtonWidget"(
          label: "Cancel",
          style: "NORMAL",
          submit: true,
          validate: false,
          value: true,
          saveInto: ri!cancel
        )
      }
    )
  )
)</definition>
        <namedTypedValue>
            <name>record</name>
            <type>
                <name>578f4330-78de-41cd-a986-e8cbefffae7f</name>
                <namespace>urn:com:appian:recordtype:datatype</namespace>
            </type>
        </namedTypedValue>
        <namedTypedValue>
            <name>cancel</name>
            <type>
                <name>boolean</name>
                <namespace>http://www.w3.org/2001/XMLSchema</namespace>
            </type>
        </namedTypedValue>
        <namedTypedValue>
            <name>isUpdate</name>
            <description>Tracks whether this form is being used to create a new record or update an existing one</description>
            <type>
                <name>boolean</name>
                <namespace>http://www.w3.org/2001/XMLSchema</namespace>
            </type>
        </namedTypedValue>
        <preferredEditor>interface</preferredEditor>
        <offlineEnabled>false</offlineEnabled>
        <isCustom>false</isCustom>
    </interface>
    <roleMap public="true">
        <role inherit="true" allowForAll="false" name="readers">
            <users/>
            <groups/>
        </role>
        <role inherit="true" allowForAll="false" name="authors">
            <users/>
            <groups/>
        </role>
        <role inherit="true" allowForAll="false" name="administrators">
            <users/>
            <groups/>
        </role>
        <role inherit="false" allowForAll="false" name="denyReaders">
            <users/>
            <groups/>
        </role>
        <role inherit="false" allowForAll="false" name="denyAuthors">
            <users/>
            <groups/>
        </role>
        <role inherit="false" allowForAll="false" name="denyAdministrators">
            <users/>
            <groups/>
        </role>
    </roleMap>
    <history>
        <historyInfo versionUuid="e93175c0-bc56-4095-8858-f66ad519f909"/>
        <historyInfo versionUuid="_a-0000eb09-de01-8000-baae-01ef9001ef90_533833"/>
        <historyInfo versionUuid="_a-0000eb1a-e02c-8000-bab0-01ef9001ef90_565778"/>
        <historyInfo versionUuid="_a-0000ebf9-1d05-8000-baba-01ef9001ef90_774605"/>
    </history>
</contentHaul>
