<?xml version="1.0" encoding="UTF-8" standalone="yes"?>
<tempoReportHaul xmlns:a="http://www.appian.com/ae/types/2009">
    <versionUuid>b41e283a-f678-4e08-93b2-38cccff93839</versionUuid>
    <tempoReport a:uuid="00712f59-5040-4998-8fb9-2a712b028805" name="Export Scripts">
        <a:description></a:description>
        <a:uiExpr>=#"_a-0000eb1a-e02c-8000-bab0-01ef9001ef90_546874"()</a:uiExpr>
        <a:urlStub>UQVxJg</a:urlStub>
    </tempoReport>
    <roleMap>
        <role name="report_administrator">
            <users/>
            <groups>
                <groupUuid>4a801333-73ef-4c23-88f7-d4ef86b4362d</groupUuid>
            </groups>
        </role>
        <role name="report_viewer">
            <users/>
            <groups>
                <groupUuid>7da45a61-fcbf-43b5-8db4-4a5c0739b8f9</groupUuid>
            </groups>
        </role>
    </roleMap>
    <history>
        <historyInfo versionUuid="b41e283a-f678-4e08-93b2-38cccff93839"/>
    </history>
</tempoReportHaul>
