<?xml version="1.0" encoding="UTF-8" standalone="yes"?>
<tempoReportHaul xmlns:a="http://www.appian.com/ae/types/2009">
    <versionUuid>5e58e1df-c0d1-4b17-a1b8-691daaee108d</versionUuid>
    <tempoReport a:uuid="af92543e-577d-467c-80c3-ff3374e0b91c" name="Application Configurations">
        <a:description>Report: NSM_REPORT_ApplicationConfigurations</a:description>
        <a:uiExpr>=#"_a-0000eb1a-e02c-8000-bab0-01ef9001ef90_547012"()</a:uiExpr>
        <a:urlStub>fErOiw</a:urlStub>
    </tempoReport>
    <roleMap>
        <role name="report_administrator">
            <users/>
            <groups>
                <groupUuid>4a801333-73ef-4c23-88f7-d4ef86b4362d</groupUuid>
            </groups>
        </role>
        <role name="report_viewer">
            <users/>
            <groups>
                <groupUuid>7da45a61-fcbf-43b5-8db4-4a5c0739b8f9</groupUuid>
            </groups>
        </role>
    </roleMap>
    <history>
        <historyInfo versionUuid="5e58e1df-c0d1-4b17-a1b8-691daaee108d"/>
    </history>
</tempoReportHaul>
