<?xml version="1.0" encoding="UTF-8" standalone="yes"?>
<applicationHaul xmlns:a="http://www.appian.com/ae/types/2009">
    <versionUuid>_a-0000ebf9-1d05-8000-baba-01ef9001ef90_774641</versionUuid>
    <application>
        <name>New Script Management </name>
        <uuid>57e07575-0751-4bee-aa1b-975aadbea12f</uuid>
        <description>Application to manage scripts (For Dev Purpose)</description>
        <parentUuid>SYSTEM_APPLICATIONS_ROOT</parentUuid>
        <visibility>
            <advertise>false</advertise>
            <hierarchy>true</hierarchy>
            <indexable>true</indexable>
            <quota>false</quota>
            <searchable>true</searchable>
            <system>false</system>
            <unlogged>false</unlogged>
        </visibility>
        <urlIdentifier>IkY3NA</urlIdentifier>
        <published>false</published>
        <public>false</public>
        <prefix>NSM</prefix>
        <associatedObjects>
            <globalIdMap>
                <item>
                    <type>datatype</type>
                    <uuids>
                        <uuid>{urn:com:appian:types:NSM}NSM_scriptView</uuid>
                    </uuids>
                </item>
                <item>
                    <type>dataStore</type>
                    <uuids>
                        <uuid>_a-0000eb1a-e02c-8000-bab0-01ef9001ef90_546773</uuid>
                    </uuids>
                </item>
                <item>
                    <type>user</type>
                    <uuids/>
                </item>
                <item>
                    <type>groupType</type>
                    <uuids/>
                </item>
                <item>
                    <type>group</type>
                    <uuids>
                        <uuid>4a801333-73ef-4c23-88f7-d4ef86b4362d</uuid>
                        <uuid>7da45a61-fcbf-43b5-8db4-4a5c0739b8f9</uuid>
                    </uuids>
                </item>
                <item>
                    <type>content</type>
                    <uuids>
                        <uuid>e5bc8257-9120-40df-b483-201633536c38</uuid>
                        <uuid>2701162d-5736-44e8-b7b7-1a3331f8928a</uuid>
                        <uuid>c6e318f3-4e83-40dd-bed3-83ccfb946852</uuid>
                        <uuid>b91285a8-d735-4c3e-af6f-0779cda98e6b</uuid>
                        <uuid>d587acf6-9bf7-496c-8f61-64332cec91ae</uuid>
                        <uuid>d8507db2-7c29-4175-bfce-2d1ce2f3c5ac</uuid>
                        <uuid>f8614573-2100-4d66-98f0-bebf3a27759b</uuid>
                        <uuid>180fbd81-cb52-4b03-b225-cce0de6d4e6c</uuid>
                        <uuid>ef41acac-d948-48e9-9585-16bc6d3fc748</uuid>
                        <uuid>326e4671-b849-475d-a3e0-11fcf2aab628</uuid>
                        <uuid>_a-0000eb09-de01-8000-baae-01ef9001ef90_539790</uuid>
                        <uuid>_a-0000eb09-de01-8000-baae-01ef9001ef90_539825</uuid>
                        <uuid>_a-0000eb09-de01-8000-baae-01ef9001ef90_539837</uuid>
                        <uuid>_a-0000eb1a-e02c-8000-bab0-01ef9001ef90_546788</uuid>
                        <uuid>_a-0000eb1a-e02c-8000-bab0-01ef9001ef90_546794</uuid>
                        <uuid>_a-0000eb1a-e02c-8000-bab0-01ef9001ef90_546800</uuid>
                        <uuid>_a-0000eb1a-e02c-8000-bab0-01ef9001ef90_546806</uuid>
                        <uuid>_a-0000eb1a-e02c-8000-bab0-01ef9001ef90_546828</uuid>
                        <uuid>_a-0000eb1a-e02c-8000-bab0-01ef9001ef90_546834</uuid>
                        <uuid>_a-0000eb1a-e02c-8000-bab0-01ef9001ef90_546874</uuid>
                        <uuid>_a-0000eb1a-e02c-8000-bab0-01ef9001ef90_546943</uuid>
                        <uuid>_a-0000eb1a-e02c-8000-bab0-01ef9001ef90_546955</uuid>
                        <uuid>_a-0000eb1a-e02c-8000-bab0-01ef9001ef90_546982</uuid>
                        <uuid>_a-0000eb1a-e02c-8000-bab0-01ef9001ef90_547012</uuid>
                        <uuid>_a-0000eb1a-e02c-8000-bab0-01ef9001ef90_547032</uuid>
                        <uuid>_a-0000eb1a-e02c-8000-bab0-01ef9001ef90_547133</uuid>
                        <uuid>_a-0000eb1a-e02c-8000-bab0-01ef9001ef90_547159</uuid>
                        <uuid>_a-0000eb1a-e02c-8000-bab0-01ef9001ef90_547806</uuid>
                        <uuid>_a-0000eb1a-e02c-8000-bab0-01ef9001ef90_547813</uuid>
                        <uuid>_a-0000eb1a-e02c-8000-bab0-01ef9001ef90_547823</uuid>
                        <uuid>_a-0000eb1a-e02c-8000-bab0-01ef9001ef90_547829</uuid>
                        <uuid>_a-0000eb1a-e02c-8000-bab0-01ef9001ef90_565615</uuid>
                        <uuid>_a-0000eb1a-e02c-8000-bab0-01ef9001ef90_565832</uuid>
                        <uuid>_a-0000ebf9-1d05-8000-baba-01ef9001ef90_773606</uuid>
                        <uuid>_a-0000ebf9-1d05-8000-baba-01ef9001ef90_773648</uuid>
                        <uuid>_a-0000ebf9-1d05-8000-baba-01ef9001ef90_773781</uuid>
                        <uuid>_a-0000ebf9-1d05-8000-baba-01ef9001ef90_774117</uuid>
                        <uuid>_a-0000ebf9-1d05-8000-baba-01ef9001ef90_774155</uuid>
                        <uuid>_a-0000ebf9-1d05-8000-baba-01ef9001ef90_774219</uuid>
                        <uuid>_a-0000ebf9-1d05-8000-baba-01ef9001ef90_774252</uuid>
                        <uuid>_a-0000ebf9-1d05-8000-baba-01ef9001ef90_774258</uuid>
                        <uuid>_a-0000ebf9-1d05-8000-baba-01ef9001ef90_774271</uuid>
                        <uuid>_a-0000ebf9-1d05-8000-baba-01ef9001ef90_774479</uuid>
                        <uuid>_a-0000ebf9-1d05-8000-baba-01ef9001ef90_774516</uuid>
                        <uuid>_a-0000ebf9-1d05-8000-baba-01ef9001ef90_774613</uuid>
                    </uuids>
                </item>
                <item>
                    <type>forum</type>
                    <uuids/>
                </item>
                <item>
                    <type>processModelFolder</type>
                    <uuids>
                        <uuid>7ca7afb2-049f-4c84-91c4-26ad05c39173</uuid>
                    </uuids>
                </item>
                <item>
                    <type>processModel</type>
                    <uuids>
                        <uuid>be79019f-fbfa-4053-a86f-c6872b5febd3</uuid>
                        <uuid>d97db379-a8ca-427c-8d2a-632cd5d09829</uuid>
                        <uuid>38a39b58-616b-4bba-ab74-70bcf66f4e0b</uuid>
                        <uuid>0002eb1f-5d8e-8000-d45c-014d98014d98</uuid>
                        <uuid>0004eb39-ce7f-8000-d5ca-014d98014d98</uuid>
                        <uuid>0006ec18-b391-8000-ed57-014d98014d98</uuid>
                        <uuid>0004ec18-b6b2-8000-ed5b-014d98014d98</uuid>
                    </uuids>
                </item>
                <item>
                    <type>portlet</type>
                    <uuids/>
                </item>
                <item>
                    <type>page</type>
                    <uuids/>
                </item>
                <item>
                    <type>application</type>
                    <uuids/>
                </item>
                <item>
                    <type>tempoFeed</type>
                    <uuids/>
                </item>
                <item>
                    <type>recordType</type>
                    <uuids>
                        <uuid>578f4330-78de-41cd-a986-e8cbefffae7f</uuid>
                        <uuid>dc989bd8-cdfa-4ab9-8df8-b0eddb56a0d0</uuid>
                        <uuid>045d6ea6-697a-4e70-89a4-db22446cb456</uuid>
                        <uuid>e4e37095-a19b-442d-8cc0-eb9d064afc4f</uuid>
                        <uuid>bf866fb9-5fee-40e1-9757-70ff9824be34</uuid>
                        <uuid>3df44867-65a7-4046-9dd8-9fdf2bfb827c</uuid>
                    </uuids>
                </item>
                <item>
                    <type>recordField</type>
                    <uuids/>
                </item>
                <item>
                    <type>recordRelationship</type>
                    <uuids/>
                </item>
                <item>
                    <type>tempoReport</type>
                    <uuids>
                        <uuid>00712f59-5040-4998-8fb9-2a712b028805</uuid>
                        <uuid>af92543e-577d-467c-80c3-ff3374e0b91c</uuid>
                    </uuids>
                </item>
                <item>
                    <type>taskReport</type>
                    <uuids/>
                </item>
                <item>
                    <type>webApi</type>
                    <uuids/>
                </item>
                <item>
                    <type>site</type>
                    <uuids>
                        <uuid>def2e606-6d81-496c-82c4-1ad968c07307</uuid>
                    </uuids>
                </item>
                <item>
                    <type>adminSetting</type>
                    <uuids/>
                </item>
                <item>
                    <type>thirdPartyCredentials</type>
                    <uuids/>
                </item>
                <item>
                    <type>dataSource</type>
                    <uuids/>
                </item>
                <item>
                    <type>embeddedSailTheme</type>
                    <uuids/>
                </item>
                <item>
                    <type>connectedSystem</type>
                    <uuids/>
                </item>
                <item>
                    <type>pluginInfo</type>
                    <uuids/>
                </item>
                <item>
                    <type>featureFlag</type>
                    <uuids/>
                </item>
                <item>
                    <type>designObjectReferenceImplementation</type>
                    <uuids/>
                </item>
                <item>
                    <type>aiSkill</type>
                    <uuids/>
                </item>
                <item>
                    <type>roboticTaskDesignObject</type>
                    <uuids/>
                </item>
                <item>
                    <type>robotPoolDesignObject</type>
                    <uuids/>
                </item>
                <item>
                    <type>portal</type>
                    <uuids/>
                </item>
                <item>
                    <type>translationSet</type>
                    <uuids/>
                </item>
                <item>
                    <type>translationString</type>
                    <uuids/>
                </item>
                <item>
                    <type>translationVariable</type>
                    <uuids/>
                </item>
            </globalIdMap>
        </associatedObjects>
        <applicationNavigation/>
        <applicationActions/>
        <associatedApplications>
            <globalIdMap>
                <item>
                    <type>datatype</type>
                    <uuids/>
                </item>
                <item>
                    <type>dataStore</type>
                    <uuids/>
                </item>
                <item>
                    <type>user</type>
                    <uuids/>
                </item>
                <item>
                    <type>groupType</type>
                    <uuids/>
                </item>
                <item>
                    <type>group</type>
                    <uuids/>
                </item>
                <item>
                    <type>content</type>
                    <uuids/>
                </item>
                <item>
                    <type>forum</type>
                    <uuids/>
                </item>
                <item>
                    <type>processModelFolder</type>
                    <uuids/>
                </item>
                <item>
                    <type>processModel</type>
                    <uuids/>
                </item>
                <item>
                    <type>portlet</type>
                    <uuids/>
                </item>
                <item>
                    <type>page</type>
                    <uuids/>
                </item>
                <item>
                    <type>application</type>
                    <uuids/>
                </item>
                <item>
                    <type>tempoFeed</type>
                    <uuids/>
                </item>
                <item>
                    <type>recordType</type>
                    <uuids/>
                </item>
                <item>
                    <type>recordField</type>
                    <uuids/>
                </item>
                <item>
                    <type>recordRelationship</type>
                    <uuids/>
                </item>
                <item>
                    <type>tempoReport</type>
                    <uuids/>
                </item>
                <item>
                    <type>taskReport</type>
                    <uuids/>
                </item>
                <item>
                    <type>webApi</type>
                    <uuids/>
                </item>
                <item>
                    <type>site</type>
                    <uuids/>
                </item>
                <item>
                    <type>adminSetting</type>
                    <uuids/>
                </item>
                <item>
                    <type>thirdPartyCredentials</type>
                    <uuids/>
                </item>
                <item>
                    <type>dataSource</type>
                    <uuids/>
                </item>
                <item>
                    <type>embeddedSailTheme</type>
                    <uuids/>
                </item>
                <item>
                    <type>connectedSystem</type>
                    <uuids/>
                </item>
                <item>
                    <type>pluginInfo</type>
                    <uuids/>
                </item>
                <item>
                    <type>featureFlag</type>
                    <uuids/>
                </item>
                <item>
                    <type>designObjectReferenceImplementation</type>
                    <uuids/>
                </item>
                <item>
                    <type>aiSkill</type>
                    <uuids/>
                </item>
                <item>
                    <type>roboticTaskDesignObject</type>
                    <uuids/>
                </item>
                <item>
                    <type>robotPoolDesignObject</type>
                    <uuids/>
                </item>
                <item>
                    <type>portal</type>
                    <uuids/>
                </item>
                <item>
                    <type>translationSet</type>
                    <uuids/>
                </item>
                <item>
                    <type>translationString</type>
                    <uuids/>
                </item>
                <item>
                    <type>translationVariable</type>
                    <uuids/>
                </item>
            </globalIdMap>
        </associatedApplications>
    </application>
    <roleMap>
        <contentRoleMap public="true">
            <role inherit="false" allowForAll="false" name="readers">
                <users/>
                <groups>
                    <groupUuid>7da45a61-fcbf-43b5-8db4-4a5c0739b8f9</groupUuid>
                </groups>
            </role>
            <role inherit="false" allowForAll="false" name="authors">
                <users/>
                <groups/>
            </role>
            <role inherit="false" allowForAll="false" name="administrators">
                <users/>
                <groups>
                    <groupUuid>4a801333-73ef-4c23-88f7-d4ef86b4362d</groupUuid>
                </groups>
            </role>
            <role inherit="false" allowForAll="false" name="denyReaders">
                <users/>
                <groups/>
            </role>
            <role inherit="false" allowForAll="false" name="denyAuthors">
                <users/>
                <groups/>
            </role>
            <role inherit="false" allowForAll="false" name="denyAdministrators">
                <users/>
                <groups/>
            </role>
        </contentRoleMap>
    </roleMap>
    <defaultApplicationObjects>
        <object>
            <objectKey>defaultAdminsGroup</objectKey>
            <objectType>group</objectType>
            <objectUuid>4a801333-73ef-4c23-88f7-d4ef86b4362d</objectUuid>
        </object>
        <object>
            <objectKey>defaultUsersGroup</objectKey>
            <objectType>group</objectType>
            <objectUuid>7da45a61-fcbf-43b5-8db4-4a5c0739b8f9</objectUuid>
        </object>
    </defaultApplicationObjects>
    <applicationDocumentation/>
    <history>
        <historyInfo versionUuid="57e07575-0751-4bee-aa1b-975aadbea12f"/>
        <historyInfo versionUuid="_a-0000eb09-de01-8000-baae-01ef9001ef90_533695"/>
        <historyInfo versionUuid="_a-0000eb1a-e02c-8000-bab0-01ef9001ef90_565837"/>
        <historyInfo versionUuid="_a-0000ebf9-1d05-8000-baba-01ef9001ef90_774641"/>
    </history>
    <postDeploymentProcessData/>
</applicationHaul>
